Workbook

Sheet bom
A1: item_code | B1: item_description | C1: uom | D1: unit_price_$ | E1: unit_wt_kg | F1: category_level1 | G1: category_level2 | H1: category_level3
A2: code1 | B2: item1 | C2: t | D2: 0.26339622 | E2: 1000 | F2: Category1 | G2: Category1 | H2: Category1
A3: code2 | B3: item2 | C3: t | D3: 0.54354911 | E3: 1000 | F3: Category1 | G3: Category1 | H3: Category2
A4: code3 | B4: item3 | C4: p | D4: 0.28799772 | E4: 91 | F4: Category2 | G4: Category2 | H4: Category3
A5: code4 | B5: item4 | C5: t | D5: 0.3194846 | E5: 1000 | F5: Category1 | G5: Category3 | H5: Category4
A6: code5 | B6: item5 | C6: t | D6: 1.0576306 | E6: 1000 | F6: Category1 | G6: Category4 | H6: Category5
A7: code6 | B7: item6 | C7: t | D7: 0.27030584 | E7: 1000 | F7: Category1 | G7: Category5 | H7: Category6
A8: code7 | B8: item7 | C8: t | D8: 0.28381748 | E8: 1000 | F8: Category1 | G8: Category5 | H8: Category7
A9: code8 | B9: item8 | C9: p | D9: 0.33507208 | E9: 1.76 | F9: Category2 | G9: Category6 | H9: Category8
A10: code9 | B10: item9 | C10: p | D10: 0.33386392 | E10: 1.76 | F10: Category2 | G10: Category6 | H10: Category8
A11: code10 | B11: item10 | C11: p | D11: 0.33398474 | E11: 1.76 | F11: Category2 | G11: Category6 | H11: Category8
A12: code11 | B12: item11 | C12: p | D12: 0.33398474 | E12: 1.76 | F12: Category2 | G12: Category6 | H12: Category8
A13: code12 | B13: item12 | C13: p | D13: 0.33398474 | E13: 1.76 | F13: Category2 | G13: Category6 | H13: Category8
... A139: code138 | B139: item138 | C139: p | D139: 0.28408767 | E139: 10.761805 | F139: Category2 | G139: Category8 | H139: Category56

Sheet consumption_figs
A1: item_code | B1: std_cons_rate | C1: std_cons_rate_uom | D1: output_type | E1: production_line
A2: code1 | B2: 0 | C2: k/t | D2: y | E2: a
A3: code2 | B3: 0 | C3: k/t | D3: y | E3: a
A4: code3 | B4: 0 | C4: p/s | D4: y | E4: a
A5: code4 | B5: 34.5 | C5: k/t | D5: y | E5: a
A6: code5 | B6: 0 | C6: k/t | D6: y | E6: a
A7: code6 | B7: 3 | C7: k/t | D7: y | E7: a
A8: code7 | B8: 18 | C8: k/t | D8: y | E8: a
A9: code8 | B9: 0.45454545 | C9: p/s | D9: y | E9: a
A10: code9 | B10: 0.66666667 | C10: p/s | D10: y | E10: a
A11: code10 | B11: 0.26315789 | C11: p/s | D11: y | E11: a
A12: code11 | B12: 0.26315789 | C12: p/s | D12: y | E12: a
A13: code12 | B13: 0.71428571 | C13: p/s | D13: y | E13: a
... A553: code135 | B553: 0 | C553: p/s | D553: x | E553: a

Sheet consumption
A1: date | B1: item_code | C1: cons_qty_base_uom | D1: cons_qty_ton | E1: cons_$ | F1: output_type | G1: production_line | H1: cons_rate | I1: cons_rate_uom
A2: 45658 | B2: code139 | C2: 3.614494 | D2: 3.6746481 | E2: 0.034306662 | F2: C | G2: a
A3: 45658 | B3: code140 | C3: 0.14949401 | D3: 0.11342517 | E3: 0.10788566 | F3: x | G3: a
A4: 45658 | B4: code92 | C4: 0.14891297 | D4: 0.1136468 | E4: 0.1036759 | F4: x | G4: a | H4: =IF(Table2[[#This Row],[cons_rate_uom]]="kg/ton",Table2[[#This Row],[cons_qty_ton]]*1000/SUMIFS(prod!$C:$C,prod!$A:$A,Table2[[#This Row],[date]],prod!$G:$G,Table2[[#This Row],[production_line]],prod!$F:$F,Table2[[#This Row],[output_type]]),IF(Table2[[#This Row],[cons_rate_uom]]="pc/heat",Table2[[#This Row],[cons_qty_base_uom]]/SUMIFS(prod!$E:$E,prod!$A:$A,Table2[[#This Row],[date]],prod!$G:$G,Table2[[#This Row],[production_line]],prod!$F:$F,Table2[[#This Row],[output_type]]),Table2[[#This Row],[cons_qty_ton]]/DAY(EOMONTH(Table2[[#This Row],[date]],0)))) -> 0.003666026 | I4: =IFERROR(INDEX('consumption_figs'!$C:$C,MATCH(Table2[[#This Row],[item_code]],'consumption_figs'!A:A,0),1),"NA") -> p/s
A5: 45658 | B5: code91 | C5: 0.14763096 | D5: 0.11155021 | E5: 0.027242511 | F5: x | G5: a | H5: =IF(Table2[[#This Row],[cons_rate_uom]]="kg/ton",Table2[[#This Row],[cons_qty_ton]]*1000/SUMIFS(prod!$C:$C,prod!$A:$A,Table2[[#This Row],[date]],prod!$G:$G,Table2[[#This Row],[production_line]],prod!$F:$F,Table2[[#This Row],[output_type]]),IF(Table2[[#This Row],[cons_rate_uom]]="pc/heat",Table2[[#This Row],[cons_qty_base_uom]]/SUMIFS(prod!$E:$E,prod!$A:$A,Table2[[#This Row],[date]],prod!$G:$G,Table2[[#This Row],[production_line]],prod!$F:$F,Table2[[#This Row],[output_type]]),Table2[[#This Row],[cons_qty_ton]]/DAY(EOMONTH(Table2[[#This Row],[date]],0)))) -> 0.0035983937 | I5: =IFERROR(INDEX('consumption_figs'!$C:$C,MATCH(Table2[[#This Row],[item_code]],'consumption_figs'!A:A,0),1),"NA") -> k/t
A6: 45658 | B6: code93 | C6: 0.14789805 | D6: 0.111819 | E6: 0.10105672 | F6: x | G6: a | H6: =IF(Table2[[#This Row],[cons_rate_uom]]="kg/ton",Table2[[#This Row],[cons_qty_ton]]*1000/SUMIFS(prod!$C:$C,prod!$A:$A,Table2[[#This Row],[date]],prod!$G:$G,Table2[[#This Row],[production_line]],prod!$F:$F,Table2[[#This Row],[output_type]]),IF(Table2[[#This Row],[cons_rate_uom]]="pc/heat",Table2[[#This Row],[cons_qty_base_uom]]/SUMIFS(prod!$E:$E,prod!$A:$A,Table2[[#This Row],[date]],prod!$G:$G,Table2[[#This Row],[production_line]],prod!$F:$F,Table2[[#This Row],[output_type]]),Table2[[#This Row],[cons_qty_ton]]/DAY(EOMONTH(Table2[[#This Row],[date]],0)))) -> 0.0036070645 | I6: =IFERROR(INDEX('consumption_figs'!$C:$C,MATCH(Table2[[#This Row],[item_code]],'consumption_figs'!A:A,0),1),"NA") -> k/t
A7: 45658 | B7: code94 | C7: 0.13351103 | D7: 0.1136468 | E7: 0.10106209 | F7: x | G7: a | H7: =IF(Table2[[#This Row],[cons_rate_uom]]="kg/ton",Table2[[#This Row],[cons_qty_ton]]*1000/SUMIFS(prod!$C:$C,prod!$A:$A,Table2[[#This Row],[date]],prod!$G:$G,Table2[[#This Row],[production_line]],prod!$F:$F,Table2[[#This Row],[output_type]]),IF(Table2[[#This Row],[cons_rate_uom]]="pc/heat",Table2[[#This Row],[cons_qty_base_uom]]/SUMIFS(prod!$E:$E,prod!$A:$A,Table2[[#This Row],[date]],prod!$G:$G,Table2[[#This Row],[production_line]],prod!$F:$F,Table2[[#This Row],[output_type]]),Table2[[#This Row],[cons_qty_ton]]/DAY(EOMONTH(Table2[[#This Row],[date]],0)))) -> 0.003666026 | I7: =IFERROR(INDEX('consumption_figs'!$C:$C,MATCH(Table2[[#This Row],[item_code]],'consumption_figs'!A:A,0),1),"NA") -> p/s
A8: 45658 | B8: code115 | C8: 0.1365355 | D8: 0.10834158 | E8: 0.093193712 | F8: x | G8: a | H8: =IF(Table2[[#This Row],[cons_rate_uom]]="kg/ton",Table2[[#This Row],[cons_qty_ton]]*1000/SUMIFS(prod!$C:$C,prod!$A:$A,Table2[[#This Row],[date]],prod!$G:$G,Table2[[#This Row],[production_line]],prod!$F:$F,Table2[[#This Row],[output_type]]),IF(Table2[[#This Row],[cons_rate_uom]]="pc/heat",Table2[[#This Row],[cons_qty_base_uom]]/SUMIFS(prod!$E:$E,prod!$A:$A,Table2[[#This Row],[date]],prod!$G:$G,Table2[[#This Row],[production_line]],prod!$F:$F,Table2[[#This Row],[output_type]]),Table2[[#This Row],[cons_qty_ton]]/DAY(EOMONTH(Table2[[#This Row],[date]],0)))) -> 0.0034948896 | I8: =IFERROR(INDEX('consumption_figs'!$C:$C,MATCH(Table2[[#This Row],[item_code]],'consumption_figs'!A:A,0),1),"NA") -> p/s
A9: 45658 | B9: code110 | C9: 0.14923163 | D9: 0.11316112 | E9: 0.10596999 | F9: x | G9: a | H9: =IF(Table2[[#This Row],[cons_rate_uom]]="kg/ton",Table2[[#This Row],[cons_qty_ton]]*1000/SUMIFS(prod!$C:$C,prod!$A:$A,Table2[[#This Row],[date]],prod!$G:$G,Table2[[#This Row],[production_line]],prod!$F:$F,Table2[[#This Row],[output_type]]),IF(Table2[[#This Row],[cons_rate_uom]]="pc/heat",Table2[[#This Row],[cons_qty_base_uom]]/SUMIFS(prod!$E:$E,prod!$A:$A,Table2[[#This Row],[date]],prod!$G:$G,Table2[[#This Row],[production_line]],prod!$F:$F,Table2[[#This Row],[output_type]]),Table2[[#This Row],[cons_qty_ton]]/DAY(EOMONTH(Table2[[#This Row],[date]],0)))) -> 0.0036503585 | I9: =IFERROR(INDEX('consumption_figs'!$C:$C,MATCH(Table2[[#This Row],[item_code]],'consumption_figs'!A:A,0),1),"NA") -> k/t
A10: 45658 | B10: code18 | C10: 0.14960345 | D10: 0.11353532 | E10: 0.10756231 | F10: y | G10: a | H10: =IF(Table2[[#This Row],[cons_rate_uom]]="kg/ton",Table2[[#This Row],[cons_qty_ton]]*1000/SUMIFS(prod!$C:$C,prod!$A:$A,Table2[[#This Row],[date]],prod!$G:$G,Table2[[#This Row],[production_line]],prod!$F:$F,Table2[[#This Row],[output_type]]),IF(Table2[[#This Row],[cons_rate_uom]]="pc/heat",Table2[[#This Row],[cons_qty_base_uom]]/SUMIFS(prod!$E:$E,prod!$A:$A,Table2[[#This Row],[date]],prod!$G:$G,Table2[[#This Row],[production_line]],prod!$F:$F,Table2[[#This Row],[output_type]]),Table2[[#This Row],[cons_qty_ton]]/DAY(EOMONTH(Table2[[#This Row],[date]],0)))) -> 0.0036624296 | I10: =IFERROR(INDEX('consumption_figs'!$C:$C,MATCH(Table2[[#This Row],[item_code]],'consumption_figs'!A:A,0),1),"NA") -> k/t
A11: 45658 | B11: code112 | C11: 0.14503451 | D11: 0.10893713 | E11: 0.099764129 | F11: x | G11: a | H11: =IF(Table2[[#This Row],[cons_rate_uom]]="kg/ton",Table2[[#This Row],[cons_qty_ton]]*1000/SUMIFS(prod!$C:$C,prod!$A:$A,Table2[[#This Row],[date]],prod!$G:$G,Table2[[#This Row],[production_line]],prod!$F:$F,Table2[[#This Row],[output_type]]),IF(Table2[[#This Row],[cons_rate_uom]]="pc/heat",Table2[[#This Row],[cons_qty_base_uom]]/SUMIFS(prod!$E:$E,prod!$A:$A,Table2[[#This Row],[date]],prod!$G:$G,Table2[[#This Row],[production_line]],prod!$F:$F,Table2[[#This Row],[output_type]]),Table2[[#This Row],[cons_qty_ton]]/DAY(EOMONTH(Table2[[#This Row],[date]],0)))) -> 0.0035141011 | I11: =IFERROR(INDEX('consumption_figs'!$C:$C,MATCH(Table2[[#This Row],[item_code]],'consumption_figs'!A:A,0),1),"NA") -> k/t
A12: 45658 | B12: code8 | C12: 0.14576358 | D12: 0.11363965 | E12: 0.10778885 | F12: y | G12: a | H12: =IF(Table2[[#This Row],[cons_rate_uom]]="kg/ton",Table2[[#This Row],[cons_qty_ton]]*1000/SUMIFS(prod!$C:$C,prod!$A:$A,Table2[[#This Row],[date]],prod!$G:$G,Table2[[#This Row],[production_line]],prod!$F:$F,Table2[[#This Row],[output_type]]),IF(Table2[[#This Row],[cons_rate_uom]]="pc/heat",Table2[[#This Row],[cons_qty_base_uom]]/SUMIFS(prod!$E:$E,prod!$A:$A,Table2[[#This Row],[date]],prod!$G:$G,Table2[[#This Row],[production_line]],prod!$F:$F,Table2[[#This Row],[output_type]]),Table2[[#This Row],[cons_qty_ton]]/DAY(EOMONTH(Table2[[#This Row],[date]],0)))) -> 0.0036657951 | I12: =IFERROR(INDEX('consumption_figs'!$C:$C,MATCH(Table2[[#This Row],[item_code]],'consumption_figs'!A:A,0),1),"NA") -> p/s
A13: 45658 | B13: code141 | C13: 0.14927379 | D13: 0.11364601 | E13: 0.1078864 | F13: y | G13: a
A14: 45658 | B14: code10 | C14: 0.14721838 | D14: 0.11364228 | E14: 0.10779503 | F14: y | G14: a | H14: =IF(Table2[[#This Row],[cons_rate_uom]]="kg/ton",Table2[[#This Row],[cons_qty_ton]]*1000/SUMIFS(prod!$C:$C,prod!$A:$A,Table2[[#This Row],[date]],prod!$G:$G,Table2[[#This Row],[production_line]],prod!$F:$F,Table2[[#This Row],[output_type]]),IF(Table2[[#This Row],[cons_rate_uom]]="pc/heat",Table2[[#This Row],[cons_qty_base_uom]]/SUMIFS(prod!$E:$E,prod!$A:$A,Table2[[#This Row],[date]],prod!$G:$G,Table2[[#This Row],[production_line]],prod!$F:$F,Table2[[#This Row],[output_type]]),Table2[[#This Row],[cons_qty_ton]]/DAY(EOMONTH(Table2[[#This Row],[date]],0)))) -> 0.0036658801 | I14: =IFERROR(INDEX('consumption_figs'!$C:$C,MATCH(Table2[[#This Row],[item_code]],'consumption_figs'!A:A,0),1),"NA") -> p/s
A15: 45658 | B15: code11 | C15: 0.14577692 | D15: 0.11363967 | E15: 0.10773045 | F15: y | G15: a | H15: =IF(Table2[[#This Row],[cons_rate_uom]]="kg/ton",Table2[[#This Row],[cons_qty_ton]]*1000/SUMIFS(prod!$C:$C,prod!$A:$A,Table2[[#This Row],[date]],prod!$G:$G,Table2[[#This Row],[production_line]],prod!$F:$F,Table2[[#This Row],[output_type]]),IF(Table2[[#This Row],[cons_rate_uom]]="pc/heat",Table2[[#This Row],[cons_qty_base_uom]]/SUMIFS(prod!$E:$E,prod!$A:$A,Table2[[#This Row],[date]],prod!$G:$G,Table2[[#This Row],[production_line]],prod!$F:$F,Table2[[#This Row],[output_type]]),Table2[[#This Row],[cons_qty_ton]]/DAY(EOMONTH(Table2[[#This Row],[date]],0)))) -> 0.0036657959 | I15: =IFERROR(INDEX('consumption_figs'!$C:$C,MATCH(Table2[[#This Row],[item_code]],'consumption_figs'!A:A,0),1),"NA") -> p/s
A16: 45658 | B16: code12 | C16: 0.1464843 | D16: 0.11364095 | E16: 0.10776214 | F16: y | G16: a | H16: =IF(Table2[[#This Row],[cons_rate_uom]]="kg/ton",Table2[[#This Row],[cons_qty_ton]]*1000/SUMIFS(prod!$C:$C,prod!$A:$A,Table2[[#This Row],[date]],prod!$G:$G,Table2[[#This Row],[production_line]],prod!$F:$F,Table2[[#This Row],[output_type]]),IF(Table2[[#This Row],[cons_rate_uom]]="pc/heat",Table2[[#This Row],[cons_qty_base_uom]]/SUMIFS(prod!$E:$E,prod!$A:$A,Table2[[#This Row],[date]],prod!$G:$G,Table2[[#This Row],[production_line]],prod!$F:$F,Table2[[#This Row],[output_type]]),Table2[[#This Row],[cons_qty_ton]]/DAY(EOMONTH(Table2[[#This Row],[date]],0)))) -> 0.0036658372 | I16: =IFERROR(INDEX('consumption_figs'!$C:$C,MATCH(Table2[[#This Row],[item_code]],'consumption_figs'!A:A,0),1),"NA") -> p/s
A17: 45658 | B17: code13 | C17: 0.14772556 | D17: 0.1136432 | E17: 0.10781446 | F17: y | G17: a | H17: =IF(Table2[[#This Row],[cons_rate_uom]]="kg/ton",Table2[[#This Row],[cons_qty_ton]]*1000/SUMIFS(prod!$C:$C,prod!$A:$A,Table2[[#This Row],[date]],prod!$G:$G,Table2[[#This Row],[production_line]],prod!$F:$F,Table2[[#This Row],[output_type]]),IF(Table2[[#This Row],[cons_rate_uom]]="pc/heat",Table2[[#This Row],[cons_qty_base_uom]]/SUMIFS(prod!$E:$E,prod!$A:$A,Table2[[#This Row],[date]],prod!$G:$G,Table2[[#This Row],[production_line]],prod!$F:$F,Table2[[#This Row],[output_type]]),Table2[[#This Row],[cons_qty_ton]]/DAY(EOMONTH(Table2[[#This Row],[date]],0)))) -> 0.0036659097 | I17: =IFERROR(INDEX('consumption_figs'!$C:$C,MATCH(Table2[[#This Row],[item_code]],'consumption_figs'!A:A,0),1),"NA") -> p/s
A18: 45658 | B18: code9 | C18: 0.14454902 | D18: 0.11363745 | E18: 0.10766685 | F18: y | G18: a | H18: =IF(Table2[[#This Row],[cons_rate_uom]]="kg/ton",Table2[[#This Row],[cons_qty_ton]]*1000/SUMIFS(prod!$C:$C,prod!$A:$A,Table2[[#This Row],[date]],prod!$G:$G,Table2[[#This Row],[production_line]],prod!$F:$F,Table2[[#This Row],[output_type]]),IF(Table2[[#This Row],[cons_rate_uom]]="pc/heat",Table2[[#This Row],[cons_qty_base_uom]]/SUMIFS(prod!$E:$E,prod!$A:$A,Table2[[#This Row],[date]],prod!$G:$G,Table2[[#This Row],[production_line]],prod!$F:$F,Table2[[#This Row],[output_type]]),Table2[[#This Row],[cons_qty_ton]]/DAY(EOMONTH(Table2[[#This Row],[date]],0)))) -> 0.0036657241 | I18: =IFERROR(INDEX('consumption_figs'!$C:$C,MATCH(Table2[[#This Row],[item_code]],'consumption_figs'!A:A,0),1),"NA") -> p/s
A19: 45658 | B19: code14 | C19: 0.14709826 | D19: 0.11364217 | E19: 0.10773148 | F19: y | G19: a | H19: =IF(Table2[[#This Row],[cons_rate_uom]]="kg/ton",Table2[[#This Row],[cons_qty_ton]]*1000/SUMIFS(prod!$C:$C,prod!$A:$A,Table2[[#This Row],[date]],prod!$G:$G,Table2[[#This Row],[production_line]],prod!$F:$F,Table2[[#This Row],[output_type]]),IF(Table2[[#This Row],[cons_rate_uom]]="pc/heat",Table2[[#This Row],[cons_qty_base_uom]]/SUMIFS(prod!$E:$E,prod!$A:$A,Table2[[#This Row],[date]],prod!$G:$G,Table2[[#This Row],[production_line]],prod!$F:$F,Table2[[#This Row],[output_type]]),Table2[[#This Row],[cons_qty_ton]]/DAY(EOMONTH(Table2[[#This Row],[date]],0)))) -> 0.0036658765 | I19: =IFERROR(INDEX('consumption_figs'!$C:$C,MATCH(Table2[[#This Row],[item_code]],'consumption_figs'!A:A,0),1),"NA") -> p/s
A20: 45658 | B20: code20 | C20: 0.14926044 | D20: 0.11326181 | E20: 0.1056202 | F20: y | G20: a | H20: =IF(Table2[[#This Row],[cons_rate_uom]]="kg/ton",Table2[[#This Row],[cons_qty_ton]]*1000/SUMIFS(prod!$C:$C,prod!$A:$A,Table2[[#This Row],[date]],prod!$G:$G,Table2[[#This Row],[production_line]],prod!$F:$F,Table2[[#This Row],[output_type]]),IF(Table2[[#This Row],[cons_rate_uom]]="pc/heat",Table2[[#This Row],[cons_qty_base_uom]]/SUMIFS(prod!$E:$E,prod!$A:$A,Table2[[#This Row],[date]],prod!$G:$G,Table2[[#This Row],[production_line]],prod!$F:$F,Table2[[#This Row],[output_type]]),Table2[[#This Row],[cons_qty_ton]]/DAY(EOMONTH(Table2[[#This Row],[date]],0)))) -> 0.0036536068 | I20: =IFERROR(INDEX('consumption_figs'!$C:$C,MATCH(Table2[[#This Row],[item_code]],'consumption_figs'!A:A,0),1),"NA") -> p/s
A21: 45658 | B21: code3 | C21: 0.14860054 | D21: 0.11354481 | E21: 0.10715346 | F21: x | G21: a | H21: =IF(Table2[[#This Row],[cons_rate_uom]]="kg/ton",Table2[[#This Row],[cons_qty_ton]]*1000/SUMIFS(prod!$C:$C,prod!$A:$A,Table2[[#This Row],[date]],prod!$G:$G,Table2[[#This Row],[production_line]],prod!$F:$F,Table2[[#This Row],[output_type]]),IF(Table2[[#This Row],[cons_rate_uom]]="pc/heat",Table2[[#This Row],[cons_qty_base_uom]]/SUMIFS(prod!$E:$E,prod!$A:$A,Table2[[#This Row],[date]],prod!$G:$G,Table2[[#This Row],[production_line]],prod!$F:$F,Table2[[#This Row],[output_type]]),Table2[[#This Row],[cons_qty_ton]]/DAY(EOMONTH(Table2[[#This Row],[date]],0)))) -> 0.0036627358 | I21: =IFERROR(INDEX('consumption_figs'!$C:$C,MATCH(Table2[[#This Row],[item_code]],'consumption_figs'!A:A,0),1),"NA") -> p/s
A22: 45658 | B22: code69 | C22: 0.1329324 | D22: 0.11286652 | E22: 0.094746261 | F22: x | G22: a | H22: =IF(Table2[[#This Row],[cons_rate_uom]]="kg/ton",Table2[[#This Row],[cons_qty_ton]]*1000/SUMIFS(prod!$C:$C,prod!$A:$A,Table2[[#This Row],[date]],prod!$G:$G,Table2[[#This Row],[production_line]],prod!$F:$F,Table2[[#This Row],[output_type]]),IF(Table2[[#This Row],[cons_rate_uom]]="pc/heat",Table2[[#This Row],[cons_qty_base_uom]]/SUMIFS(prod!$E:$E,prod!$A:$A,Table2[[#This Row],[date]],prod!$G:$G,Table2[[#This Row],[production_line]],prod!$F:$F,Table2[[#This Row],[output_type]]),Table2[[#This Row],[cons_qty_ton]]/DAY(EOMONTH(Table2[[#This Row],[date]],0)))) -> 0.0036408556 | I22: =IFERROR(INDEX('consumption_figs'!$C:$C,MATCH(Table2[[#This Row],[item_code]],'consumption_figs'!A:A,0),1),"NA") -> p/s
A23: 45658 | B23: code70 | C23: 0.14869463 | D23: 0.11361782 | E23: 0.10721927 | F23: y | G23: a | H23: =IF(Table2[[#This Row],[cons_rate_uom]]="kg/ton",Table2[[#This Row],[cons_qty_ton]]*1000/SUMIFS(prod!$C:$C,prod!$A:$A,Table2[[#This Row],[date]],prod!$G:$G,Table2[[#This Row],[production_line]],prod!$F:$F,Table2[[#This Row],[output_type]]),IF(Table2[[#This Row],[cons_rate_uom]]="pc/heat",Table2[[#This Row],[cons_qty_base_uom]]/SUMIFS(prod!$E:$E,prod!$A:$A,Table2[[#This Row],[date]],prod!$G:$G,Table2[[#This Row],[production_line]],prod!$F:$F,Table2[[#This Row],[output_type]]),Table2[[#This Row],[cons_qty_ton]]/DAY(EOMONTH(Table2[[#This Row],[date]],0)))) -> 0.0036650909 | I23: =IFERROR(INDEX('consumption_figs'!$C:$C,MATCH(Table2[[#This Row],[item_code]],'consumption_figs'!A:A,0),1),"NA") -> p/s
A24: 45658 | B24: code101 | C24: 0.037835371 | D24: 0.11364196 | E24: 0.10662406 | F24: x | G24: a | H24: =IF(Table2[[#This Row],[cons_rate_uom]]="kg/ton",Table2[[#This Row],[cons_qty_ton]]*1000/SUMIFS(prod!$C:$C,prod!$A:$A,Table2[[#This Row],[date]],prod!$G:$G,Table2[[#This Row],[production_line]],prod!$F:$F,Table2[[#This Row],[output_type]]),IF(Table2[[#This Row],[cons_rate_uom]]="pc/heat",Table2[[#This Row],[cons_qty_base_uom]]/SUMIFS(prod!$E:$E,prod!$A:$A,Table2[[#This Row],[date]],prod!$G:$G,Table2[[#This Row],[production_line]],prod!$F:$F,Table2[[#This Row],[output_type]]),Table2[[#This Row],[cons_qty_ton]]/DAY(EOMONTH(Table2[[#This Row],[date]],0)))) -> 0.0036658698 | I24: =IFERROR(INDEX('consumption_figs'!$C:$C,MATCH(Table2[[#This Row],[item_code]],'consumption_figs'!A:A,0),1),"NA") -> p/s
A25: 45658 | B25: code104 | C25: 0.13616426 | D25: 0.11338498 | E25: 0.10427215 | F25: x | G25: a | H25: =IF(Table2[[#This Row],[cons_rate_uom]]="kg/ton",Table2[[#This Row],[cons_qty_ton]]*1000/SUMIFS(prod!$C:$C,prod!$A:$A,Table2[[#This Row],[date]],prod!$G:$G,Table2[[#This Row],[production_line]],prod!$F:$F,Table2[[#This Row],[output_type]]),IF(Table2[[#This Row],[cons_rate_uom]]="pc/heat",Table2[[#This Row],[cons_qty_base_uom]]/SUMIFS(prod!$E:$E,prod!$A:$A,Table2[[#This Row],[date]],prod!$G:$G,Table2[[#This Row],[production_line]],prod!$F:$F,Table2[[#This Row],[output_type]]),Table2[[#This Row],[cons_qty_ton]]/DAY(EOMONTH(Table2[[#This Row],[date]],0)))) -> 0.00365758 | I25: =IFERROR(INDEX('consumption_figs'!$C:$C,MATCH(Table2[[#This Row],[item_code]],'consumption_figs'!A:A,0),1),"NA") -> p/s
... A33: 45658 | B33: code106 | C33: 0.14917354 | D33: 0.11310266 | E33: 0.10598027 | F33: x | G33: a | H33: =IF(Table2[[#This Row],[cons_rate_uom]]="kg/ton",Table2[[#This Row],[cons_qty_ton]]*1000/SUMIFS(prod!$C:$C,prod!$A:$A,Table2[[#This Row],[date]],prod!$G:$G,Table2[[#This Row],[production_line]],prod!$F:$F,Table2[[#This Row],[output_type]]),IF(Table2[[#This Row],[cons_rate_uom]]="pc/heat",Table2[[#This Row],[cons_qty_base_uom]]/SUMIFS(prod!$E:$E,prod!$A:$A,Table2[[#This Row],[date]],prod!$G:$G,Table2[[#This Row],[production_line]],prod!$F:$F,Table2[[#This Row],[output_type]]),Table2[[#This Row],[cons_qty_ton]]/DAY(EOMONTH(Table2[[#This Row],[date]],0)))) -> 0.0036484728 | I33: =IFERROR(INDEX('consumption_figs'!$C:$C,MATCH(Table2[[#This Row],[item_code]],'consumption_figs'!A:A,0),1),"NA") -> k/t
A34: 45689 | B34: code139 | C34: 3.0127804 | D34: 3.0690842 | E34: 0.046071752 | F34: C | G34: a
A35: 45689 | B35: code92 | C35: 0.14915323 | D35: 0.1136468 | E35: 0.10494453 | F35: x | G35: a | H35: =IF(Table2[[#This Row],[cons_rate_uom]]="kg/ton",Table2[[#This Row],[cons_qty_ton]]*1000/SUMIFS(prod!$C:$C,prod!$A:$A,Table2[[#This Row],[date]],prod!$G:$G,Table2[[#This Row],[production_line]],prod!$F:$F,Table2[[#This Row],[output_type]]),IF(Table2[[#This Row],[cons_rate_uom]]="pc/heat",Table2[[#This Row],[cons_qty_base_uom]]/SUMIFS(prod!$E:$E,prod!$A:$A,Table2[[#This Row],[date]],prod!$G:$G,Table2[[#This Row],[production_line]],prod!$F:$F,Table2[[#This Row],[output_type]]),Table2[[#This Row],[cons_qty_ton]]/DAY(EOMONTH(Table2[[#This Row],[date]],0)))) -> 0.0040588145 | I35: =IFERROR(INDEX('consumption_figs'!$C:$C,MATCH(Table2[[#This Row],[item_code]],'consumption_figs'!A:A,0),1),"NA") -> p/s
A36: 45689 | B36: code91 | C36: 0.14828364 | D36: 0.11220706 | E36: 0.01509926 | F36: x | G36: a | H36: =IF(Table2[[#This Row],[cons_rate_uom]]="kg/ton",Table2[[#This Row],[cons_qty_ton]]*1000/SUMIFS(prod!$C:$C,prod!$A:$A,Table2[[#This Row],[date]],prod!$G:$G,Table2[[#This Row],[production_line]],prod!$F:$F,Table2[[#This Row],[output_type]]),IF(Table2[[#This Row],[cons_rate_uom]]="pc/heat",Table2[[#This Row],[cons_qty_base_uom]]/SUMIFS(prod!$E:$E,prod!$A:$A,Table2[[#This Row],[date]],prod!$G:$G,Table2[[#This Row],[production_line]],prod!$F:$F,Table2[[#This Row],[output_type]]),Table2[[#This Row],[cons_qty_ton]]/DAY(EOMONTH(Table2[[#This Row],[date]],0)))) -> 0.0040073951 | I36: =IFERROR(INDEX('consumption_figs'!$C:$C,MATCH(Table2[[#This Row],[item_code]],'consumption_figs'!A:A,0),1),"NA") -> k/t
A37: 45689 | B37: code93 | C37: 0.14852031 | D37: 0.11244525 | E37: 0.10340373 | F37: x | G37: a | H37: =IF(Table2[[#This Row],[cons_rate_uom]]="kg/ton",Table2[[#This Row],[cons_qty_ton]]*1000/SUMIFS(prod!$C:$C,prod!$A:$A,Table2[[#This Row],[date]],prod!$G:$G,Table2[[#This Row],[production_line]],prod!$F:$F,Table2[[#This Row],[output_type]]),IF(Table2[[#This Row],[cons_rate_uom]]="pc/heat",Table2[[#This Row],[cons_qty_base_uom]]/SUMIFS(prod!$E:$E,prod!$A:$A,Table2[[#This Row],[date]],prod!$G:$G,Table2[[#This Row],[production_line]],prod!$F:$F,Table2[[#This Row],[output_type]]),Table2[[#This Row],[cons_qty_ton]]/DAY(EOMONTH(Table2[[#This Row],[date]],0)))) -> 0.0040159016 | I37: =IFERROR(INDEX('consumption_figs'!$C:$C,MATCH(Table2[[#This Row],[item_code]],'consumption_figs'!A:A,0),1),"NA") -> k/t
A38: 45689 | B38: code94 | C38: 0.13785774 | D38: 0.1136468 | E38: 0.10289829 | F38: x | G38: a | H38: =IF(Table2[[#This Row],[cons_rate_uom]]="kg/ton",Table2[[#This Row],[cons_qty_ton]]*1000/SUMIFS(prod!$C:$C,prod!$A:$A,Table2[[#This Row],[date]],prod!$G:$G,Table2[[#This Row],[production_line]],prod!$F:$F,Table2[[#This Row],[output_type]]),IF(Table2[[#This Row],[cons_rate_uom]]="pc/heat",Table2[[#This Row],[cons_qty_base_uom]]/SUMIFS(prod!$E:$E,prod!$A:$A,Table2[[#This Row],[date]],prod!$G:$G,Table2[[#This Row],[production_line]],prod!$F:$F,Table2[[#This Row],[output_type]]),Table2[[#This Row],[cons_qty_ton]]/DAY(EOMONTH(Table2[[#This Row],[date]],0)))) -> 0.0040588145 | I38: =IFERROR(INDEX('consumption_figs'!$C:$C,MATCH(Table2[[#This Row],[item_code]],'consumption_figs'!A:A,0),1),"NA") -> p/s
A39: 45689 | B39: code115 | C39: 0.14162106 | D39: 0.11059244 | E39: 0.098871396 | F39: x | G39: a | H39: =IF(Table2[[#This Row],[cons_rate_uom]]="kg/ton",Table2[[#This Row],[cons_qty_ton]]*1000/SUMIFS(prod!$C:$C,prod!$A:$A,Table2[[#This Row],[date]],prod!$G:$G,Table2[[#This Row],[production_line]],prod!$F:$F,Table2[[#This Row],[output_type]]),IF(Table2[[#This Row],[cons_rate_uom]]="pc/heat",Table2[[#This Row],[cons_qty_base_uom]]/SUMIFS(prod!$E:$E,prod!$A:$A,Table2[[#This Row],[date]],prod!$G:$G,Table2[[#This Row],[production_line]],prod!$F:$F,Table2[[#This Row],[output_type]]),Table2[[#This Row],[cons_qty_ton]]/DAY(EOMONTH(Table2[[#This Row],[date]],0)))) -> 0.0039497302 | I39: =IFERROR(INDEX('consumption_figs'!$C:$C,MATCH(Table2[[#This Row],[item_code]],'consumption_figs'!A:A,0),1),"NA") -> p/s
A40: 45689 | B40: code110 | C40: 0.14942106 | D40: 0.11335176 | E40: 0.10673025 | F40: x | G40: a | H40: =IF(Table2[[#This Row],[cons_rate_uom]]="kg/ton",Table2[[#This Row],[cons_qty_ton]]*1000/SUMIFS(prod!$C:$C,prod!$A:$A,Table2[[#This Row],[date]],prod!$G:$G,Table2[[#This Row],[production_line]],prod!$F:$F,Table2[[#This Row],[output_type]]),IF(Table2[[#This Row],[cons_rate_uom]]="pc/heat",Table2[[#This Row],[cons_qty_base_uom]]/SUMIFS(prod!$E:$E,prod!$A:$A,Table2[[#This Row],[date]],prod!$G:$G,Table2[[#This Row],[production_line]],prod!$F:$F,Table2[[#This Row],[output_type]]),Table2[[#This Row],[cons_qty_ton]]/DAY(EOMONTH(Table2[[#This Row],[date]],0)))) -> 0.0040482771 | I40: =IFERROR(INDEX('consumption_figs'!$C:$C,MATCH(Table2[[#This Row],[item_code]],'consumption_figs'!A:A,0),1),"NA") -> k/t
A41: 45689 | B41: code18 | C41: 0.14965678 | D41: 0.11358899 | E41: 0.10772818 | F41: y | G41: a | H41: =IF(Table2[[#This Row],[cons_rate_uom]]="kg/ton",Table2[[#This Row],[cons_qty_ton]]*1000/SUMIFS(prod!$C:$C,prod!$A:$A,Table2[[#This Row],[date]],prod!$G:$G,Table2[[#This Row],[production_line]],prod!$F:$F,Table2[[#This Row],[output_type]]),IF(Table2[[#This Row],[cons_rate_uom]]="pc/heat",Table2[[#This Row],[cons_qty_base_uom]]/SUMIFS(prod!$E:$E,prod!$A:$A,Table2[[#This Row],[date]],prod!$G:$G,Table2[[#This Row],[production_line]],prod!$F:$F,Table2[[#This Row],[output_type]]),Table2[[#This Row],[cons_qty_ton]]/DAY(EOMONTH(Table2[[#This Row],[date]],0)))) -> 0.0040567496 | I41: =IFERROR(INDEX('consumption_figs'!$C:$C,MATCH(Table2[[#This Row],[item_code]],'consumption_figs'!A:A,0),1),"NA") -> k/t
A42: 45689 | B42: code112 | C42: 0.1478974 | D42: 0.11181834 | E42: 0.10474557 | F42: x | G42: a | H42: =IF(Table2[[#This Row],[cons_rate_uom]]="kg/ton",Table2[[#This Row],[cons_qty_ton]]*1000/SUMIFS(prod!$C:$C,prod!$A:$A,Table2[[#This Row],[date]],prod!$G:$G,Table2[[#This Row],[production_line]],prod!$F:$F,Table2[[#This Row],[output_type]]),IF(Table2[[#This Row],[cons_rate_uom]]="pc/heat",Table2[[#This Row],[cons_qty_base_uom]]/SUMIFS(prod!$E:$E,prod!$A:$A,Table2[[#This Row],[date]],prod!$G:$G,Table2[[#This Row],[production_line]],prod!$F:$F,Table2[[#This Row],[output_type]]),Table2[[#This Row],[cons_qty_ton]]/DAY(EOMONTH(Table2[[#This Row],[date]],0)))) -> 0.0039935123 | I42: =IFERROR(INDEX('consumption_figs'!$C:$C,MATCH(Table2[[#This Row],[item_code]],'consumption_figs'!A:A,0),1),"NA") -> k/t
A43: 45689 | B43: code8 | C43: 0.14748328 | D43: 0.11364276 | E43: 0.10784023 | F43: y | G43: a | H43: =IF(Table2[[#This Row],[cons_rate_uom]]="kg/ton",Table2[[#This Row],[cons_qty_ton]]*1000/SUMIFS(prod!$C:$C,prod!$A:$A,Table2[[#This Row],[date]],prod!$G:$G,Table2[[#This Row],[production_line]],prod!$F:$F,Table2[[#This Row],[output_type]]),IF(Table2[[#This Row],[cons_rate_uom]]="pc/heat",Table2[[#This Row],[cons_qty_base_uom]]/SUMIFS(prod!$E:$E,prod!$A:$A,Table2[[#This Row],[date]],prod!$G:$G,Table2[[#This Row],[production_line]],prod!$F:$F,Table2[[#This Row],[output_type]]),Table2[[#This Row],[cons_qty_ton]]/DAY(EOMONTH(Table2[[#This Row],[date]],0)))) -> 0.0040586701 | I43: =IFERROR(INDEX('consumption_figs'!$C:$C,MATCH(Table2[[#This Row],[item_code]],'consumption_figs'!A:A,0),1),"NA") -> p/s
A44: 45689 | B44: code141 | C44: 0.14952273 | D44: 0.11364646 | E44: 0.10789797 | F44: y | G44: a
A45: 45689 | B45: code10 | C45: 0.14841205 | D45: 0.11364445 | E45: 0.10784852 | F45: y | G45: a | H45: =IF(Table2[[#This Row],[cons_rate_uom]]="kg/ton",Table2[[#This Row],[cons_qty_ton]]*1000/SUMIFS(prod!$C:$C,prod!$A:$A,Table2[[#This Row],[date]],prod!$G:$G,Table2[[#This Row],[production_line]],prod!$F:$F,Table2[[#This Row],[output_type]]),IF(Table2[[#This Row],[cons_rate_uom]]="pc/heat",Table2[[#This Row],[cons_qty_base_uom]]/SUMIFS(prod!$E:$E,prod!$A:$A,Table2[[#This Row],[date]],prod!$G:$G,Table2[[#This Row],[production_line]],prod!$F:$F,Table2[[#This Row],[output_type]]),Table2[[#This Row],[cons_qty_ton]]/DAY(EOMONTH(Table2[[#This Row],[date]],0)))) -> 0.0040587302 | I45: =IFERROR(INDEX('consumption_figs'!$C:$C,MATCH(Table2[[#This Row],[item_code]],'consumption_figs'!A:A,0),1),"NA") -> p/s
A46: 45689 | B46: code11 | C46: 0.1481631 | D46: 0.11364399 | E46: 0.10783737 | F46: y | G46: a | H46: =IF(Table2[[#This Row],[cons_rate_uom]]="kg/ton",Table2[[#This Row],[cons_qty_ton]]*1000/SUMIFS(prod!$C:$C,prod!$A:$A,Table2[[#This Row],[date]],prod!$G:$G,Table2[[#This Row],[production_line]],prod!$F:$F,Table2[[#This Row],[output_type]]),IF(Table2[[#This Row],[cons_rate_uom]]="pc/heat",Table2[[#This Row],[cons_qty_base_uom]]/SUMIFS(prod!$E:$E,prod!$A:$A,Table2[[#This Row],[date]],prod!$G:$G,Table2[[#This Row],[production_line]],prod!$F:$F,Table2[[#This Row],[output_type]]),Table2[[#This Row],[cons_qty_ton]]/DAY(EOMONTH(Table2[[#This Row],[date]],0)))) -> 0.0040587141 | I46: =IFERROR(INDEX('consumption_figs'!$C:$C,MATCH(Table2[[#This Row],[item_code]],'consumption_figs'!A:A,0),1),"NA") -> p/s
A47: 45689 | B47: code12 | C47: 0.14774181 | D47: 0.11364323 | E47: 0.10781849 | F47: y | G47: a | H47: =IF(Table2[[#This Row],[cons_rate_uom]]="kg/ton",Table2[[#This Row],[cons_qty_ton]]*1000/SUMIFS(prod!$C:$C,prod!$A:$A,Table2[[#This Row],[date]],prod!$G:$G,Table2[[#This Row],[production_line]],prod!$F:$F,Table2[[#This Row],[output_type]]),IF(Table2[[#This Row],[cons_rate_uom]]="pc/heat",Table2[[#This Row],[cons_qty_base_uom]]/SUMIFS(prod!$E:$E,prod!$A:$A,Table2[[#This Row],[date]],prod!$G:$G,Table2[[#This Row],[production_line]],prod!$F:$F,Table2[[#This Row],[output_type]]),Table2[[#This Row],[cons_qty_ton]]/DAY(EOMONTH(Table2[[#This Row],[date]],0)))) -> 0.0040586868 | I47: =IFERROR(INDEX('consumption_figs'!$C:$C,MATCH(Table2[[#This Row],[item_code]],'consumption_figs'!A:A,0),1),"NA") -> p/s
A48: 45689 | B48: code13 | C48: 0.14945571 | D48: 0.11364634 | E48: 0.10789486 | F48: y | G48: a | H48: =IF(Table2[[#This Row],[cons_rate_uom]]="kg/ton",Table2[[#This Row],[cons_qty_ton]]*1000/SUMIFS(prod!$C:$C,prod!$A:$A,Table2[[#This Row],[date]],prod!$G:$G,Table2[[#This Row],[production_line]],prod!$F:$F,Table2[[#This Row],[output_type]]),IF(Table2[[#This Row],[cons_rate_uom]]="pc/heat",Table2[[#This Row],[cons_qty_base_uom]]/SUMIFS(prod!$E:$E,prod!$A:$A,Table2[[#This Row],[date]],prod!$G:$G,Table2[[#This Row],[production_line]],prod!$F:$F,Table2[[#This Row],[output_type]]),Table2[[#This Row],[cons_qty_ton]]/DAY(EOMONTH(Table2[[#This Row],[date]],0)))) -> 0.0040587977 | I48: =IFERROR(INDEX('consumption_figs'!$C:$C,MATCH(Table2[[#This Row],[item_code]],'consumption_figs'!A:A,0),1),"NA") -> p/s
A49: 45689 | B49: code9 | C49: 0.14683219 | D49: 0.11364158 | E49: 0.10777295 | F49: y | G49: a | H49: =IF(Table2[[#This Row],[cons_rate_uom]]="kg/ton",Table2[[#This Row],[cons_qty_ton]]*1000/SUMIFS(prod!$C:$C,prod!$A:$A,Table2[[#This Row],[date]],prod!$G:$G,Table2[[#This Row],[production_line]],prod!$F:$F,Table2[[#This Row],[output_type]]),IF(Table2[[#This Row],[cons_rate_uom]]="pc/heat",Table2[[#This Row],[cons_qty_base_uom]]/SUMIFS(prod!$E:$E,prod!$A:$A,Table2[[#This Row],[date]],prod!$G:$G,Table2[[#This Row],[production_line]],prod!$F:$F,Table2[[#This Row],[output_type]]),Table2[[#This Row],[cons_qty_ton]]/DAY(EOMONTH(Table2[[#This Row],[date]],0)))) -> 0.004058628 | I49: =IFERROR(INDEX('consumption_figs'!$C:$C,MATCH(Table2[[#This Row],[item_code]],'consumption_figs'!A:A,0),1),"NA") -> p/s
A50: 45689 | B50: code14 | C50: 0.14832587 | D50: 0.11364435 | E50: 0.10781378 | F50: y | G50: a | H50: =IF(Table2[[#This Row],[cons_rate_uom]]="kg/ton",Table2[[#This Row],[cons_qty_ton]]*1000/SUMIFS(prod!$C:$C,prod!$A:$A,Table2[[#This Row],[date]],prod!$G:$G,Table2[[#This Row],[production_line]],prod!$F:$F,Table2[[#This Row],[output_type]]),IF(Table2[[#This Row],[cons_rate_uom]]="pc/heat",Table2[[#This Row],[cons_qty_base_uom]]/SUMIFS(prod!$E:$E,prod!$A:$A,Table2[[#This Row],[date]],prod!$G:$G,Table2[[#This Row],[production_line]],prod!$F:$F,Table2[[#This Row],[output_type]]),Table2[[#This Row],[cons_qty_ton]]/DAY(EOMONTH(Table2[[#This Row],[date]],0)))) -> 0.0040587266 | I50: =IFERROR(INDEX('consumption_figs'!$C:$C,MATCH(Table2[[#This Row],[item_code]],'consumption_figs'!A:A,0),1),"NA") -> p/s
A51: 45689 | B51: code20 | C51: 0.14948443 | D51: 0.11345185 | E51: 0.10674891 | F51: y | G51: a | H51: =IF(Table2[[#This Row],[cons_rate_uom]]="kg/ton",Table2[[#This Row],[cons_qty_ton]]*1000/SUMIFS(prod!$C:$C,prod!$A:$A,Table2[[#This Row],[date]],prod!$G:$G,Table2[[#This Row],[production_line]],prod!$F:$F,Table2[[#This Row],[output_type]]),IF(Table2[[#This Row],[cons_rate_uom]]="pc/heat",Table2[[#This Row],[cons_qty_base_uom]]/SUMIFS(prod!$E:$E,prod!$A:$A,Table2[[#This Row],[date]],prod!$G:$G,Table2[[#This Row],[production_line]],prod!$F:$F,Table2[[#This Row],[output_type]]),Table2[[#This Row],[cons_qty_ton]]/DAY(EOMONTH(Table2[[#This Row],[date]],0)))) -> 0.0040518516 | I51: =IFERROR(INDEX('consumption_figs'!$C:$C,MATCH(Table2[[#This Row],[item_code]],'consumption_figs'!A:A,0),1),"NA") -> p/s
A52: 45689 | B52: code3 | C52: 0.14969508 | D52: 0.11364505 | E52: 0.10789391 | F52: x | G52: a | H52: =IF(Table2[[#This Row],[cons_rate_uom]]="kg/ton",Table2[[#This Row],[cons_qty_ton]]*1000/SUMIFS(prod!$C:$C,prod!$A:$A,Table2[[#This Row],[date]],prod!$G:$G,Table2[[#This Row],[production_line]],prod!$F:$F,Table2[[#This Row],[output_type]]),IF(Table2[[#This Row],[cons_rate_uom]]="pc/heat",Table2[[#This Row],[cons_qty_base_uom]]/SUMIFS(prod!$E:$E,prod!$A:$A,Table2[[#This Row],[date]],prod!$G:$G,Table2[[#This Row],[production_line]],prod!$F:$F,Table2[[#This Row],[output_type]]),Table2[[#This Row],[cons_qty_ton]]/DAY(EOMONTH(Table2[[#This Row],[date]],0)))) -> 0.0040587518 | I52: =IFERROR(INDEX('consumption_figs'!$C:$C,MATCH(Table2[[#This Row],[item_code]],'consumption_figs'!A:A,0),1),"NA") -> p/s
A53: 45689 | B53: code69 | C53: 0.13671184 | D53: 0.11304225 | E53: 0.097710162 | F53: x | G53: a | H53: =IF(Table2[[#This Row],[cons_rate_uom]]="kg/ton",Table2[[#This Row],[cons_qty_ton]]*1000/SUMIFS(prod!$C:$C,prod!$A:$A,Table2[[#This Row],[date]],prod!$G:$G,Table2[[#This Row],[production_line]],prod!$F:$F,Table2[[#This Row],[output_type]]),IF(Table2[[#This Row],[cons_rate_uom]]="pc/heat",Table2[[#This Row],[cons_qty_base_uom]]/SUMIFS(prod!$E:$E,prod!$A:$A,Table2[[#This Row],[date]],prod!$G:$G,Table2[[#This Row],[production_line]],prod!$F:$F,Table2[[#This Row],[output_type]]),Table2[[#This Row],[cons_qty_ton]]/DAY(EOMONTH(Table2[[#This Row],[date]],0)))) -> 0.0040372232 | I53: =IFERROR(INDEX('consumption_figs'!$C:$C,MATCH(Table2[[#This Row],[item_code]],'consumption_figs'!A:A,0),1),"NA") -> p/s
A54: 45689 | B54: code70 | C54: 0.14855237 | D54: 0.11359652 | E54: 0.10712333 | F54: y | G54: a | H54: =IF(Table2[[#This Row],[cons_rate_uom]]="kg/ton",Table2[[#This Row],[cons_qty_ton]]*1000/SUMIFS(prod!$C:$C,prod!$A:$A,Table2[[#This Row],[date]],prod!$G:$G,Table2[[#This Row],[production_line]],prod!$F:$F,Table2[[#This Row],[output_type]]),IF(Table2[[#This Row],[cons_rate_uom]]="pc/heat",Table2[[#This Row],[cons_qty_base_uom]]/SUMIFS(prod!$E:$E,prod!$A:$A,Table2[[#This Row],[date]],prod!$G:$G,Table2[[#This Row],[production_line]],prod!$F:$F,Table2[[#This Row],[output_type]]),Table2[[#This Row],[cons_qty_ton]]/DAY(EOMONTH(Table2[[#This Row],[date]],0)))) -> 0.0040570187 | I54: =IFERROR(INDEX('consumption_figs'!$C:$C,MATCH(Table2[[#This Row],[item_code]],'consumption_figs'!A:A,0),1),"NA") -> p/s
A55: 45689 | B55: code101 | C55: 0.050961881 | D55: 0.11364253 | E55: 0.10677457 | F55: x | G55: a | H55: =IF(Table2[[#This Row],[cons_rate_uom]]="kg/ton",Table2[[#This Row],[cons_qty_ton]]*1000/SUMIFS(prod!$C:$C,prod!$A:$A,Table2[[#This Row],[date]],prod!$G:$G,Table2[[#This Row],[production_line]],prod!$F:$F,Table2[[#This Row],[output_type]]),IF(Table2[[#This Row],[cons_rate_uom]]="pc/heat",Table2[[#This Row],[cons_qty_base_uom]]/SUMIFS(prod!$E:$E,prod!$A:$A,Table2[[#This Row],[date]],prod!$G:$G,Table2[[#This Row],[production_line]],prod!$F:$F,Table2[[#This Row],[output_type]]),Table2[[#This Row],[cons_qty_ton]]/DAY(EOMONTH(Table2[[#This Row],[date]],0)))) -> 0.0040586618 | I55: =IFERROR(INDEX('consumption_figs'!$C:$C,MATCH(Table2[[#This Row],[item_code]],'consumption_figs'!A:A,0),1),"NA") -> p/s
A56: 45689 | B56: code104 | C56: 0.14145589 | D56: 0.11348723 | E56: 0.10569161 | F56: x | G56: a | H56: =IF(Table2[[#This Row],[cons_rate_uom]]="kg/ton",Table2[[#This Row],[cons_qty_ton]]*1000/SUMIFS(prod!$C:$C,prod!$A:$A,Table2[[#This Row],[date]],prod!$G:$G,Table2[[#This Row],[production_line]],prod!$F:$F,Table2[[#This Row],[output_type]]),IF(Table2[[#This Row],[cons_rate_uom]]="pc/heat",Table2[[#This Row],[cons_qty_base_uom]]/SUMIFS(prod!$E:$E,prod!$A:$A,Table2[[#This Row],[date]],prod!$G:$G,Table2[[#This Row],[production_line]],prod!$F:$F,Table2[[#This Row],[output_type]]),Table2[[#This Row],[cons_qty_ton]]/DAY(EOMONTH(Table2[[#This Row],[date]],0)))) -> 0.0040531154 | I56: =IFERROR(INDEX('consumption_figs'!$C:$C,MATCH(Table2[[#This Row],[item_code]],'consumption_figs'!A:A,0),1),"NA") -> p/s
... A63: 45689 | B63: code106 | C63: 0.1494586 | D63: 0.11338954 | E63: 0.10699599 | F63: x | G63: a | H63: =IF(Table2[[#This Row],[cons_rate_uom]]="kg/ton",Table2[[#This Row],[cons_qty_ton]]*1000/SUMIFS(prod!$C:$C,prod!$A:$A,Table2[[#This Row],[date]],prod!$G:$G,Table2[[#This Row],[production_line]],prod!$F:$F,Table2[[#This Row],[output_type]]),IF(Table2[[#This Row],[cons_rate_uom]]="pc/heat",Table2[[#This Row],[cons_qty_base_uom]]/SUMIFS(prod!$E:$E,prod!$A:$A,Table2[[#This Row],[date]],prod!$G:$G,Table2[[#This Row],[production_line]],prod!$F:$F,Table2[[#This Row],[output_type]]),Table2[[#This Row],[cons_qty_ton]]/DAY(EOMONTH(Table2[[#This Row],[date]],0)))) -> 0.0040496263 | I63: =IFERROR(INDEX('consumption_figs'!$C:$C,MATCH(Table2[[#This Row],[item_code]],'consumption_figs'!A:A,0),1),"NA") -> k/t
A64: 45717 | B64: code139 | C64: 3.814119 | D64: 3.8755505 | E64: 0.030403467 | F64: C | G64: a
A65: 45717 | B65: code92 | C65: 0.14822337 | D65: 0.1136468 | E65: 0.10003447 | F65: x | G65: a | H65: =IF(Table2[[#This Row],[cons_rate_uom]]="kg/ton",Table2[[#This Row],[cons_qty_ton]]*1000/SUMIFS(prod!$C:$C,prod!$A:$A,Table2[[#This Row],[date]],prod!$G:$G,Table2[[#This Row],[production_line]],prod!$F:$F,Table2[[#This Row],[output_type]]),IF(Table2[[#This Row],[cons_rate_uom]]="pc/heat",Table2[[#This Row],[cons_qty_base_uom]]/SUMIFS(prod!$E:$E,prod!$A:$A,Table2[[#This Row],[date]],prod!$G:$G,Table2[[#This Row],[production_line]],prod!$F:$F,Table2[[#This Row],[output_type]]),Table2[[#This Row],[cons_qty_ton]]/DAY(EOMONTH(Table2[[#This Row],[date]],0)))) -> 0.003666026 | I65: =IFERROR(INDEX('consumption_figs'!$C:$C,MATCH(Table2[[#This Row],[item_code]],'consumption_figs'!A:A,0),1),"NA") -> p/s
A66: 45717 | B66: code91 | C66: 0.14724592 | D66: 0.1111627 | E66: 0.052221705 | F66: x | G66: a | H66: =IF(Table2[[#This Row],[cons_rate_uom]]="kg/ton",Table2[[#This Row],[cons_qty_ton]]*1000/SUMIFS(prod!$C:$C,prod!$A:$A,Table2[[#This Row],[date]],prod!$G:$G,Table2[[#This Row],[production_line]],prod!$F:$F,Table2[[#This Row],[output_type]]),IF(Table2[[#This Row],[cons_rate_uom]]="pc/heat",Table2[[#This Row],[cons_qty_base_uom]]/SUMIFS(prod!$E:$E,prod!$A:$A,Table2[[#This Row],[date]],prod!$G:$G,Table2[[#This Row],[production_line]],prod!$F:$F,Table2[[#This Row],[output_type]]),Table2[[#This Row],[cons_qty_ton]]/DAY(EOMONTH(Table2[[#This Row],[date]],0)))) -> 0.0035858935 | I66: =IFERROR(INDEX('consumption_figs'!$C:$C,MATCH(Table2[[#This Row],[item_code]],'consumption_figs'!A:A,0),1),"NA") -> k/t
A67: 45717 | B67: code93 | C67: 0.14789209 | D67: 0.111813 | E67: 0.10103424 | F67: x | G67: a | H67: =IF(Table2[[#This Row],[cons_rate_uom]]="kg/ton",Table2[[#This Row],[cons_qty_ton]]*1000/SUMIFS(prod!$C:$C,prod!$A:$A,Table2[[#This Row],[date]],prod!$G:$G,Table2[[#This Row],[production_line]],prod!$F:$F,Table2[[#This Row],[output_type]]),IF(Table2[[#This Row],[cons_rate_uom]]="pc/heat",Table2[[#This Row],[cons_qty_base_uom]]/SUMIFS(prod!$E:$E,prod!$A:$A,Table2[[#This Row],[date]],prod!$G:$G,Table2[[#This Row],[production_line]],prod!$F:$F,Table2[[#This Row],[output_type]]),Table2[[#This Row],[cons_qty_ton]]/DAY(EOMONTH(Table2[[#This Row],[date]],0)))) -> 0.003606871 | I67: =IFERROR(INDEX('consumption_figs'!$C:$C,MATCH(Table2[[#This Row],[item_code]],'consumption_figs'!A:A,0),1),"NA") -> k/t
A68: 45717 | B68: code94 | C68: 0.13095889 | D68: 0.1136468 | E68: 0.099983984 | F68: x | G68: a | H68: =IF(Table2[[#This Row],[cons_rate_uom]]="kg/ton",Table2[[#This Row],[cons_qty_ton]]*1000/SUMIFS(prod!$C:$C,prod!$A:$A,Table2[[#This Row],[date]],prod!$G:$G,Table2[[#This Row],[production_line]],prod!$F:$F,Table2[[#This Row],[output_type]]),IF(Table2[[#This Row],[cons_rate_uom]]="pc/heat",Table2[[#This Row],[cons_qty_base_uom]]/SUMIFS(prod!$E:$E,prod!$A:$A,Table2[[#This Row],[date]],prod!$G:$G,Table2[[#This Row],[production_line]],prod!$F:$F,Table2[[#This Row],[output_type]]),Table2[[#This Row],[cons_qty_ton]]/DAY(EOMONTH(Table2[[#This Row],[date]],0)))) -> 0.003666026 | I68: =IFERROR(INDEX('consumption_figs'!$C:$C,MATCH(Table2[[#This Row],[item_code]],'consumption_figs'!A:A,0),1),"NA") -> p/s
A69: 45717 | B69: code115 | C69: 0.1378654 | D69: 0.10917506 | E69: 0.094678464 | F69: x | G69: a | H69: =IF(Table2[[#This Row],[cons_rate_uom]]="kg/ton",Table2[[#This Row],[cons_qty_ton]]*1000/SUMIFS(prod!$C:$C,prod!$A:$A,Table2[[#This Row],[date]],prod!$G:$G,Table2[[#This Row],[production_line]],prod!$F:$F,Table2[[#This Row],[output_type]]),IF(Table2[[#This Row],[cons_rate_uom]]="pc/heat",Table2[[#This Row],[cons_qty_base_uom]]/SUMIFS(prod!$E:$E,prod!$A:$A,Table2[[#This Row],[date]],prod!$G:$G,Table2[[#This Row],[production_line]],prod!$F:$F,Table2[[#This Row],[output_type]]),Table2[[#This Row],[cons_qty_ton]]/DAY(EOMONTH(Table2[[#This Row],[date]],0)))) -> 0.0035217762 | I69: =IFERROR(INDEX('consumption_figs'!$C:$C,MATCH(Table2[[#This Row],[item_code]],'consumption_figs'!A:A,0),1),"NA") -> p/s
A70: 45717 | B70: code110 | C70: 0.14944446 | D70: 0.11337531 | E70: 0.10682416 | F70: x | G70: a | H70: =IF(Table2[[#This Row],[cons_rate_uom]]="kg/ton",Table2[[#This Row],[cons_qty_ton]]*1000/SUMIFS(prod!$C:$C,prod!$A:$A,Table2[[#This Row],[date]],prod!$G:$G,Table2[[#This Row],[production_line]],prod!$F:$F,Table2[[#This Row],[output_type]]),IF(Table2[[#This Row],[cons_rate_uom]]="pc/heat",Table2[[#This Row],[cons_qty_base_uom]]/SUMIFS(prod!$E:$E,prod!$A:$A,Table2[[#This Row],[date]],prod!$G:$G,Table2[[#This Row],[production_line]],prod!$F:$F,Table2[[#This Row],[output_type]]),Table2[[#This Row],[cons_qty_ton]]/DAY(EOMONTH(Table2[[#This Row],[date]],0)))) -> 0.0036572679 | I70: =IFERROR(INDEX('consumption_figs'!$C:$C,MATCH(Table2[[#This Row],[item_code]],'consumption_figs'!A:A,0),1),"NA") -> k/t
A71: 45717 | B71: code18 | C71: 0.14915144 | D71: 0.11308041 | E71: 0.10615638 | F71: y | G71: a | H71: =IF(Table2[[#This Row],[cons_rate_uom]]="kg/ton",Table2[[#This Row],[cons_qty_ton]]*1000/SUMIFS(prod!$C:$C,prod!$A:$A,Table2[[#This Row],[date]],prod!$G:$G,Table2[[#This Row],[production_line]],prod!$F:$F,Table2[[#This Row],[output_type]]),IF(Table2[[#This Row],[cons_rate_uom]]="pc/heat",Table2[[#This Row],[cons_qty_base_uom]]/SUMIFS(prod!$E:$E,prod!$A:$A,Table2[[#This Row],[date]],prod!$G:$G,Table2[[#This Row],[production_line]],prod!$F:$F,Table2[[#This Row],[output_type]]),Table2[[#This Row],[cons_qty_ton]]/DAY(EOMONTH(Table2[[#This Row],[date]],0)))) -> 0.0036477553 | I71: =IFERROR(INDEX('consumption_figs'!$C:$C,MATCH(Table2[[#This Row],[item_code]],'consumption_figs'!A:A,0),1),"NA") -> k/t
A72: 45717 | B72: code112 | C72: 0.14932884 | D72: 0.11325895 | E72: 0.10723629 | F72: x | G72: a | H72: =IF(Table2[[#This Row],[cons_rate_uom]]="kg/ton",Table2[[#This Row],[cons_qty_ton]]*1000/SUMIFS(prod!$C:$C,prod!$A:$A,Table2[[#This Row],[date]],prod!$G:$G,Table2[[#This Row],[production_line]],prod!$F:$F,Table2[[#This Row],[output_type]]),IF(Table2[[#This Row],[cons_rate_uom]]="pc/heat",Table2[[#This Row],[cons_qty_base_uom]]/SUMIFS(prod!$E:$E,prod!$A:$A,Table2[[#This Row],[date]],prod!$G:$G,Table2[[#This Row],[production_line]],prod!$F:$F,Table2[[#This Row],[output_type]]),Table2[[#This Row],[cons_qty_ton]]/DAY(EOMONTH(Table2[[#This Row],[date]],0)))) -> 0.0036535145 | I72: =IFERROR(INDEX('consumption_figs'!$C:$C,MATCH(Table2[[#This Row],[item_code]],'consumption_figs'!A:A,0),1),"NA") -> k/t
A73: 45717 | B73: code8 | C73: 0.13234113 | D73: 0.11361533 | E73: 0.1073879 | F73: y | G73: a | H73: =IF(Table2[[#This Row],[cons_rate_uom]]="kg/ton",Table2[[#This Row],[cons_qty_ton]]*1000/SUMIFS(prod!$C:$C,prod!$A:$A,Table2[[#This Row],[date]],prod!$G:$G,Table2[[#This Row],[production_line]],prod!$F:$F,Table2[[#This Row],[output_type]]),IF(Table2[[#This Row],[cons_rate_uom]]="pc/heat",Table2[[#This Row],[cons_qty_base_uom]]/SUMIFS(prod!$E:$E,prod!$A:$A,Table2[[#This Row],[date]],prod!$G:$G,Table2[[#This Row],[production_line]],prod!$F:$F,Table2[[#This Row],[output_type]]),Table2[[#This Row],[cons_qty_ton]]/DAY(EOMONTH(Table2[[#This Row],[date]],0)))) -> 0.0036650107 | I73: =IFERROR(INDEX('consumption_figs'!$C:$C,MATCH(Table2[[#This Row],[item_code]],'consumption_figs'!A:A,0),1),"NA") -> p/s
A74: 45717 | B74: code10 | C74: 0.14506509 | D74: 0.11363838 | E74: 0.10769855 | F74: y | G74: a | H74: =IF(Table2[[#This Row],[cons_rate_uom]]="kg/ton",Table2[[#This Row],[cons_qty_ton]]*1000/SUMIFS(prod!$C:$C,prod!$A:$A,Table2[[#This Row],[date]],prod!$G:$G,Table2[[#This Row],[production_line]],prod!$F:$F,Table2[[#This Row],[output_type]]),IF(Table2[[#This Row],[cons_rate_uom]]="pc/heat",Table2[[#This Row],[cons_qty_base_uom]]/SUMIFS(prod!$E:$E,prod!$A:$A,Table2[[#This Row],[date]],prod!$G:$G,Table2[[#This Row],[production_line]],prod!$F:$F,Table2[[#This Row],[output_type]]),Table2[[#This Row],[cons_qty_ton]]/DAY(EOMONTH(Table2[[#This Row],[date]],0)))) -> 0.0036657543 | I74: =IFERROR(INDEX('consumption_figs'!$C:$C,MATCH(Table2[[#This Row],[item_code]],'consumption_figs'!A:A,0),1),"NA") -> p/s
A75: 45717 | B75: code11 | C75: 0.14200645 | D75: 0.11363284 | E75: 0.1075615 | F75: y | G75: a | H75: =IF(Table2[[#This Row],[cons_rate_uom]]="kg/ton",Table2[[#This Row],[cons_qty_ton]]*1000/SUMIFS(prod!$C:$C,prod!$A:$A,Table2[[#This Row],[date]],prod!$G:$G,Table2[[#This Row],[production_line]],prod!$F:$F,Table2[[#This Row],[output_type]]),IF(Table2[[#This Row],[cons_rate_uom]]="pc/heat",Table2[[#This Row],[cons_qty_base_uom]]/SUMIFS(prod!$E:$E,prod!$A:$A,Table2[[#This Row],[date]],prod!$G:$G,Table2[[#This Row],[production_line]],prod!$F:$F,Table2[[#This Row],[output_type]]),Table2[[#This Row],[cons_qty_ton]]/DAY(EOMONTH(Table2[[#This Row],[date]],0)))) -> 0.0036655755 | I75: =IFERROR(INDEX('consumption_figs'!$C:$C,MATCH(Table2[[#This Row],[item_code]],'consumption_figs'!A:A,0),1),"NA") -> p/s
A76: 45717 | B76: code12 | C76: 0.13111768 | D76: 0.11361312 | E76: 0.10707359 | F76: y | G76: a | H76: =IF(Table2[[#This Row],[cons_rate_uom]]="kg/ton",Table2[[#This Row],[cons_qty_ton]]*1000/SUMIFS(prod!$C:$C,prod!$A:$A,Table2[[#This Row],[date]],prod!$G:$G,Table2[[#This Row],[production_line]],prod!$F:$F,Table2[[#This Row],[output_type]]),IF(Table2[[#This Row],[cons_rate_uom]]="pc/heat",Table2[[#This Row],[cons_qty_base_uom]]/SUMIFS(prod!$E:$E,prod!$A:$A,Table2[[#This Row],[date]],prod!$G:$G,Table2[[#This Row],[production_line]],prod!$F:$F,Table2[[#This Row],[output_type]]),Table2[[#This Row],[cons_qty_ton]]/DAY(EOMONTH(Table2[[#This Row],[date]],0)))) -> 0.0036649392 | I76: =IFERROR(INDEX('consumption_figs'!$C:$C,MATCH(Table2[[#This Row],[item_code]],'consumption_figs'!A:A,0),1),"NA") -> p/s
... A92: 45717 | B92: code106 | C92: 0.14897872 | D92: 0.11290658 | E92: 0.10528606 | F92: x | G92: a | H92: =IF(Table2[[#This Row],[cons_rate_uom]]="kg/ton",Table2[[#This Row],[cons_qty_ton]]*1000/SUMIFS(prod!$C:$C,prod!$A:$A,Table2[[#This Row],[date]],prod!$G:$G,Table2[[#This Row],[production_line]],prod!$F:$F,Table2[[#This Row],[output_type]]),IF(Table2[[#This Row],[cons_rate_uom]]="pc/heat",Table2[[#This Row],[cons_qty_base_uom]]/SUMIFS(prod!$E:$E,prod!$A:$A,Table2[[#This Row],[date]],prod!$G:$G,Table2[[#This Row],[production_line]],prod!$F:$F,Table2[[#This Row],[output_type]]),Table2[[#This Row],[cons_qty_ton]]/DAY(EOMONTH(Table2[[#This Row],[date]],0)))) -> 0.0036421478 | I92: =IFERROR(INDEX('consumption_figs'!$C:$C,MATCH(Table2[[#This Row],[item_code]],'consumption_figs'!A:A,0),1),"NA") -> k/t
A93: 45748 | B93: code139 | C93: 3.464919 | D93: 3.524116 | E93: 0.037231249 | F93: C | G93: a
A94: 45748 | B94: code140 | C94: 0.14643732 | D94: 0.11034893 | E94: 0.10759125 | F94: x | G94: a
A95: 45748 | B95: code92 | C95: 0.14899851 | D95: 0.1136468 | E95: 0.10412755 | F95: x | G95: a | H95: =IF(Table2[[#This Row],[cons_rate_uom]]="kg/ton",Table2[[#This Row],[cons_qty_ton]]*1000/SUMIFS(prod!$C:$C,prod!$A:$A,Table2[[#This Row],[date]],prod!$G:$G,Table2[[#This Row],[production_line]],prod!$F:$F,Table2[[#This Row],[output_type]]),IF(Table2[[#This Row],[cons_rate_uom]]="pc/heat",Table2[[#This Row],[cons_qty_base_uom]]/SUMIFS(prod!$E:$E,prod!$A:$A,Table2[[#This Row],[date]],prod!$G:$G,Table2[[#This Row],[production_line]],prod!$F:$F,Table2[[#This Row],[output_type]]),Table2[[#This Row],[cons_qty_ton]]/DAY(EOMONTH(Table2[[#This Row],[date]],0)))) -> 0.0037882268 | I95: =IFERROR(INDEX('consumption_figs'!$C:$C,MATCH(Table2[[#This Row],[item_code]],'consumption_figs'!A:A,0),1),"NA") -> p/s
A96: 45748 | B96: code91 | C96: 0.14773928 | D96: 0.11165921 | E96: 0.020215775 | F96: x | G96: a | H96: =IF(Table2[[#This Row],[cons_rate_uom]]="kg/ton",Table2[[#This Row],[cons_qty_ton]]*1000/SUMIFS(prod!$C:$C,prod!$A:$A,Table2[[#This Row],[date]],prod!$G:$G,Table2[[#This Row],[production_line]],prod!$F:$F,Table2[[#This Row],[output_type]]),IF(Table2[[#This Row],[cons_rate_uom]]="pc/heat",Table2[[#This Row],[cons_qty_base_uom]]/SUMIFS(prod!$E:$E,prod!$A:$A,Table2[[#This Row],[date]],prod!$G:$G,Table2[[#This Row],[production_line]],prod!$F:$F,Table2[[#This Row],[output_type]]),Table2[[#This Row],[cons_qty_ton]]/DAY(EOMONTH(Table2[[#This Row],[date]],0)))) -> 0.0037219738 | I96: =IFERROR(INDEX('consumption_figs'!$C:$C,MATCH(Table2[[#This Row],[item_code]],'consumption_figs'!A:A,0),1),"NA") -> k/t
A97: 45748 | B97: code93 | C97: 0.1478974 | D97: 0.11181834 | E97: 0.10105426 | F97: x | G97: a | H97: =IF(Table2[[#This Row],[cons_rate_uom]]="kg/ton",Table2[[#This Row],[cons_qty_ton]]*1000/SUMIFS(prod!$C:$C,prod!$A:$A,Table2[[#This Row],[date]],prod!$G:$G,Table2[[#This Row],[production_line]],prod!$F:$F,Table2[[#This Row],[output_type]]),IF(Table2[[#This Row],[cons_rate_uom]]="pc/heat",Table2[[#This Row],[cons_qty_base_uom]]/SUMIFS(prod!$E:$E,prod!$A:$A,Table2[[#This Row],[date]],prod!$G:$G,Table2[[#This Row],[production_line]],prod!$F:$F,Table2[[#This Row],[output_type]]),Table2[[#This Row],[cons_qty_ton]]/DAY(EOMONTH(Table2[[#This Row],[date]],0)))) -> 0.0037272781 | I97: =IFERROR(INDEX('consumption_figs'!$C:$C,MATCH(Table2[[#This Row],[item_code]],'consumption_figs'!A:A,0),1),"NA") -> k/t
A98: 45748 | B98: code94 | C98: 0.12945377 | D98: 0.1136468 | E98: 0.099348171 | F98: x | G98: a | H98: =IF(Table2[[#This Row],[cons_rate_uom]]="kg/ton",Table2[[#This Row],[cons_qty_ton]]*1000/SUMIFS(prod!$C:$C,prod!$A:$A,Table2[[#This Row],[date]],prod!$G:$G,Table2[[#This Row],[production_line]],prod!$F:$F,Table2[[#This Row],[output_type]]),IF(Table2[[#This Row],[cons_rate_uom]]="pc/heat",Table2[[#This Row],[cons_qty_base_uom]]/SUMIFS(prod!$E:$E,prod!$A:$A,Table2[[#This Row],[date]],prod!$G:$G,Table2[[#This Row],[production_line]],prod!$F:$F,Table2[[#This Row],[output_type]]),Table2[[#This Row],[cons_qty_ton]]/DAY(EOMONTH(Table2[[#This Row],[date]],0)))) -> 0.0037882268 | I98: =IFERROR(INDEX('consumption_figs'!$C:$C,MATCH(Table2[[#This Row],[item_code]],'consumption_figs'!A:A,0),1),"NA") -> p/s
A99: 45748 | B99: code115 | C99: 0.141566 | D99: 0.11057167 | E99: 0.09880993 | F99: x | G99: a | H99: =IF(Table2[[#This Row],[cons_rate_uom]]="kg/ton",Table2[[#This Row],[cons_qty_ton]]*1000/SUMIFS(prod!$C:$C,prod!$A:$A,Table2[[#This Row],[date]],prod!$G:$G,Table2[[#This Row],[production_line]],prod!$F:$F,Table2[[#This Row],[output_type]]),IF(Table2[[#This Row],[cons_rate_uom]]="pc/heat",Table2[[#This Row],[cons_qty_base_uom]]/SUMIFS(prod!$E:$E,prod!$A:$A,Table2[[#This Row],[date]],prod!$G:$G,Table2[[#This Row],[production_line]],prod!$F:$F,Table2[[#This Row],[output_type]]),Table2[[#This Row],[cons_qty_ton]]/DAY(EOMONTH(Table2[[#This Row],[date]],0)))) -> 0.0036857222 | I99: =IFERROR(INDEX('consumption_figs'!$C:$C,MATCH(Table2[[#This Row],[item_code]],'consumption_figs'!A:A,0),1),"NA") -> p/s
A100: 45748 | B100: code110 | C100: 0.14932884 | D100: 0.11325895 | E100: 0.10636014 | F100: x | G100: a | H100: =IF(Table2[[#This Row],[cons_rate_uom]]="kg/ton",Table2[[#This Row],[cons_qty_ton]]*1000/SUMIFS(prod!$C:$C,prod!$A:$A,Table2[[#This Row],[date]],prod!$G:$G,Table2[[#This Row],[production_line]],prod!$F:$F,Table2[[#This Row],[output_type]]),IF(Table2[[#This Row],[cons_rate_uom]]="pc/heat",Table2[[#This Row],[cons_qty_base_uom]]/SUMIFS(prod!$E:$E,prod!$A:$A,Table2[[#This Row],[date]],prod!$G:$G,Table2[[#This Row],[production_line]],prod!$F:$F,Table2[[#This Row],[output_type]]),Table2[[#This Row],[cons_qty_ton]]/DAY(EOMONTH(Table2[[#This Row],[date]],0)))) -> 0.0037752983 | I100: =IFERROR(INDEX('consumption_figs'!$C:$C,MATCH(Table2[[#This Row],[item_code]],'consumption_figs'!A:A,0),1),"NA") -> k/t
A101: 45748 | B101: code18 | C101: 0.14922974 | D101: 0.11315922 | E101: 0.10639992 | F101: y | G101: a | H101: =IF(Table2[[#This Row],[cons_rate_uom]]="kg/ton",Table2[[#This Row],[cons_qty_ton]]*1000/SUMIFS(prod!$C:$C,prod!$A:$A,Table2[[#This Row],[date]],prod!$G:$G,Table2[[#This Row],[production_line]],prod!$F:$F,Table2[[#This Row],[output_type]]),IF(Table2[[#This Row],[cons_rate_uom]]="pc/heat",Table2[[#This Row],[cons_qty_base_uom]]/SUMIFS(prod!$E:$E,prod!$A:$A,Table2[[#This Row],[date]],prod!$G:$G,Table2[[#This Row],[production_line]],prod!$F:$F,Table2[[#This Row],[output_type]]),Table2[[#This Row],[cons_qty_ton]]/DAY(EOMONTH(Table2[[#This Row],[date]],0)))) -> 0.0037719738 | I101: =IFERROR(INDEX('consumption_figs'!$C:$C,MATCH(Table2[[#This Row],[item_code]],'consumption_figs'!A:A,0),1),"NA") -> k/t
A102: 45748 | B102: code112 | C102: 0.14277723 | D102: 0.10666541 | E102: 0.095836454 | F102: x | G102: a | H102: =IF(Table2[[#This Row],[cons_rate_uom]]="kg/ton",Table2[[#This Row],[cons_qty_ton]]*1000/SUMIFS(prod!$C:$C,prod!$A:$A,Table2[[#This Row],[date]],prod!$G:$G,Table2[[#This Row],[production_line]],prod!$F:$F,Table2[[#This Row],[output_type]]),IF(Table2[[#This Row],[cons_rate_uom]]="pc/heat",Table2[[#This Row],[cons_qty_base_uom]]/SUMIFS(prod!$E:$E,prod!$A:$A,Table2[[#This Row],[date]],prod!$G:$G,Table2[[#This Row],[production_line]],prod!$F:$F,Table2[[#This Row],[output_type]]),Table2[[#This Row],[cons_qty_ton]]/DAY(EOMONTH(Table2[[#This Row],[date]],0)))) -> 0.0035555137 | I102: =IFERROR(INDEX('consumption_figs'!$C:$C,MATCH(Table2[[#This Row],[item_code]],'consumption_figs'!A:A,0),1),"NA") -> k/t
A103: 45748 | B103: code8 | C103: 0.13209644 | D103: 0.11361489 | E103: 0.10738059 | F103: y | G103: a | H103: =IF(Table2[[#This Row],[cons_rate_uom]]="kg/ton",Table2[[#This Row],[cons_qty_ton]]*1000/SUMIFS(prod!$C:$C,prod!$A:$A,Table2[[#This Row],[date]],prod!$G:$G,Table2[[#This Row],[production_line]],prod!$F:$F,Table2[[#This Row],[output_type]]),IF(Table2[[#This Row],[cons_rate_uom]]="pc/heat",Table2[[#This Row],[cons_qty_base_uom]]/SUMIFS(prod!$E:$E,prod!$A:$A,Table2[[#This Row],[date]],prod!$G:$G,Table2[[#This Row],[production_line]],prod!$F:$F,Table2[[#This Row],[output_type]]),Table2[[#This Row],[cons_qty_ton]]/DAY(EOMONTH(Table2[[#This Row],[date]],0)))) -> 0.003787163 | I103: =IFERROR(INDEX('consumption_figs'!$C:$C,MATCH(Table2[[#This Row],[item_code]],'consumption_figs'!A:A,0),1),"NA") -> p/s
A104: 45748 | B104: code10 | C104: 0.13099533 | D104: 0.1136129 | E104: 0.10706811 | F104: y | G104: a | H104: =IF(Table2[[#This Row],[cons_rate_uom]]="kg/ton",Table2[[#This Row],[cons_qty_ton]]*1000/SUMIFS(prod!$C:$C,prod!$A:$A,Table2[[#This Row],[date]],prod!$G:$G,Table2[[#This Row],[production_line]],prod!$F:$F,Table2[[#This Row],[output_type]]),IF(Table2[[#This Row],[cons_rate_uom]]="pc/heat",Table2[[#This Row],[cons_qty_base_uom]]/SUMIFS(prod!$E:$E,prod!$A:$A,Table2[[#This Row],[date]],prod!$G:$G,Table2[[#This Row],[production_line]],prod!$F:$F,Table2[[#This Row],[output_type]]),Table2[[#This Row],[cons_qty_ton]]/DAY(EOMONTH(Table2[[#This Row],[date]],0)))) -> 0.0037870965 | I104: =IFERROR(INDEX('consumption_figs'!$C:$C,MATCH(Table2[[#This Row],[item_code]],'consumption_figs'!A:A,0),1),"NA") -> p/s
A105: 45748 | B105: code12 | C105: 0.11910332 | D105: 0.11359135 | E105: 0.10653525 | F105: y | G105: a | H105: =IF(Table2[[#This Row],[cons_rate_uom]]="kg/ton",Table2[[#This Row],[cons_qty_ton]]*1000/SUMIFS(prod!$C:$C,prod!$A:$A,Table2[[#This Row],[date]],prod!$G:$G,Table2[[#This Row],[production_line]],prod!$F:$F,Table2[[#This Row],[output_type]]),IF(Table2[[#This Row],[cons_rate_uom]]="pc/heat",Table2[[#This Row],[cons_qty_base_uom]]/SUMIFS(prod!$E:$E,prod!$A:$A,Table2[[#This Row],[date]],prod!$G:$G,Table2[[#This Row],[production_line]],prod!$F:$F,Table2[[#This Row],[output_type]]),Table2[[#This Row],[cons_qty_ton]]/DAY(EOMONTH(Table2[[#This Row],[date]],0)))) -> 0.0037863784 | I105: =IFERROR(INDEX('consumption_figs'!$C:$C,MATCH(Table2[[#This Row],[item_code]],'consumption_figs'!A:A,0),1),"NA") -> p/s
A106: 45748 | B106: code13 | C106: 0.14619067 | D106: 0.11364042 | E106: 0.10774314 | F106: y | G106: a | H106: =IF(Table2[[#This Row],[cons_rate_uom]]="kg/ton",Table2[[#This Row],[cons_qty_ton]]*1000/SUMIFS(prod!$C:$C,prod!$A:$A,Table2[[#This Row],[date]],prod!$G:$G,Table2[[#This Row],[production_line]],prod!$F:$F,Table2[[#This Row],[output_type]]),IF(Table2[[#This Row],[cons_rate_uom]]="pc/heat",Table2[[#This Row],[cons_qty_base_uom]]/SUMIFS(prod!$E:$E,prod!$A:$A,Table2[[#This Row],[date]],prod!$G:$G,Table2[[#This Row],[production_line]],prod!$F:$F,Table2[[#This Row],[output_type]]),Table2[[#This Row],[cons_qty_ton]]/DAY(EOMONTH(Table2[[#This Row],[date]],0)))) -> 0.0037880141 | I106: =IFERROR(INDEX('consumption_figs'!$C:$C,MATCH(Table2[[#This Row],[item_code]],'consumption_figs'!A:A,0),1),"NA") -> p/s
... A117: 45748 | B117: code100 | C117: 0.13980422 | D117: 0.11326841 | E117: 0.073031836 | F117: x | G117: a | H117: =IF(Table2[[#This Row],[cons_rate_uom]]="kg/ton",Table2[[#This Row],[cons_qty_ton]]*1000/SUMIFS(prod!$C:$C,prod!$A:$A,Table2[[#This Row],[date]],prod!$G:$G,Table2[[#This Row],[production_line]],prod!$F:$F,Table2[[#This Row],[output_type]]),IF(Table2[[#This Row],[cons_rate_uom]]="pc/heat",Table2[[#This Row],[cons_qty_base_uom]]/SUMIFS(prod!$E:$E,prod!$A:$A,Table2[[#This Row],[date]],prod!$G:$G,Table2[[#This Row],[production_line]],prod!$F:$F,Table2[[#This Row],[output_type]]),Table2[[#This Row],[cons_qty_ton]]/DAY(EOMONTH(Table2[[#This Row],[date]],0)))) -> 0.0037756138 | I117: =IFERROR(INDEX('consumption_figs'!$C:$C,MATCH(Table2[[#This Row],[item_code]],'consumption_figs'!A:A,0),1),"NA") -> p/s
A118: 45748 | B118: code142 | C118: 0.14663112 | D118: 0.1136277 | E118: 0.10701379 | F118: x | G118: a
A119: 45748 | B119: code86 | C119: 0.14625013 | D119: 0.11016054 | E119: 0.086413793 | F119: x | G119: a | H119: =IF(Table2[[#This Row],[cons_rate_uom]]="kg/ton",Table2[[#This Row],[cons_qty_ton]]*1000/SUMIFS(prod!$C:$C,prod!$A:$A,Table2[[#This Row],[date]],prod!$G:$G,Table2[[#This Row],[production_line]],prod!$F:$F,Table2[[#This Row],[output_type]]),IF(Table2[[#This Row],[cons_rate_uom]]="pc/heat",Table2[[#This Row],[cons_qty_base_uom]]/SUMIFS(prod!$E:$E,prod!$A:$A,Table2[[#This Row],[date]],prod!$G:$G,Table2[[#This Row],[production_line]],prod!$F:$F,Table2[[#This Row],[output_type]]),Table2[[#This Row],[cons_qty_ton]]/DAY(EOMONTH(Table2[[#This Row],[date]],0)))) -> 0.003672018 | I119: =IFERROR(INDEX('consumption_figs'!$C:$C,MATCH(Table2[[#This Row],[item_code]],'consumption_figs'!A:A,0),1),"NA") -> k/t
A120: 45748 | B120: code89 | C120: 0.14818148 | D120: 0.11210425 | E120: 0.1000269 | F120: x | G120: a | H120: =IF(Table2[[#This Row],[cons_rate_uom]]="kg/ton",Table2[[#This Row],[cons_qty_ton]]*1000/SUMIFS(prod!$C:$C,prod!$A:$A,Table2[[#This Row],[date]],prod!$G:$G,Table2[[#This Row],[production_line]],prod!$F:$F,Table2[[#This Row],[output_type]]),IF(Table2[[#This Row],[cons_rate_uom]]="pc/heat",Table2[[#This Row],[cons_qty_base_uom]]/SUMIFS(prod!$E:$E,prod!$A:$A,Table2[[#This Row],[date]],prod!$G:$G,Table2[[#This Row],[production_line]],prod!$F:$F,Table2[[#This Row],[output_type]]),Table2[[#This Row],[cons_qty_ton]]/DAY(EOMONTH(Table2[[#This Row],[date]],0)))) -> 0.0037368083 | I120: =IFERROR(INDEX('consumption_figs'!$C:$C,MATCH(Table2[[#This Row],[item_code]],'consumption_figs'!A:A,0),1),"NA") -> k/t
A121: 45748 | B121: code90 | C121: 0.14960412 | D121: 0.11353599 | E121: 0.10601322 | F121: x | G121: a | H121: =IF(Table2[[#This Row],[cons_rate_uom]]="kg/ton",Table2[[#This Row],[cons_qty_ton]]*1000/SUMIFS(prod!$C:$C,prod!$A:$A,Table2[[#This Row],[date]],prod!$G:$G,Table2[[#This Row],[production_line]],prod!$F:$F,Table2[[#This Row],[output_type]]),IF(Table2[[#This Row],[cons_rate_uom]]="pc/heat",Table2[[#This Row],[cons_qty_base_uom]]/SUMIFS(prod!$E:$E,prod!$A:$A,Table2[[#This Row],[date]],prod!$G:$G,Table2[[#This Row],[production_line]],prod!$F:$F,Table2[[#This Row],[output_type]]),Table2[[#This Row],[cons_qty_ton]]/DAY(EOMONTH(Table2[[#This Row],[date]],0)))) -> 0.003784533 | I121: =IFERROR(INDEX('consumption_figs'!$C:$C,MATCH(Table2[[#This Row],[item_code]],'consumption_figs'!A:A,0),1),"NA") -> k/t
A122: 45748 | B122: code105 | C122: 0.14967019 | D122: 0.11360248 | E122: 0.10765246 | F122: x | G122: a | H122: =IF(Table2[[#This Row],[cons_rate_uom]]="kg/ton",Table2[[#This Row],[cons_qty_ton]]*1000/SUMIFS(prod!$C:$C,prod!$A:$A,Table2[[#This Row],[date]],prod!$G:$G,Table2[[#This Row],[production_line]],prod!$F:$F,Table2[[#This Row],[output_type]]),IF(Table2[[#This Row],[cons_rate_uom]]="pc/heat",Table2[[#This Row],[cons_qty_base_uom]]/SUMIFS(prod!$E:$E,prod!$A:$A,Table2[[#This Row],[date]],prod!$G:$G,Table2[[#This Row],[production_line]],prod!$F:$F,Table2[[#This Row],[output_type]]),Table2[[#This Row],[cons_qty_ton]]/DAY(EOMONTH(Table2[[#This Row],[date]],0)))) -> 0.0037867493 | I122: =IFERROR(INDEX('consumption_figs'!$C:$C,MATCH(Table2[[#This Row],[item_code]],'consumption_figs'!A:A,0),1),"NA") -> k/t
A123: 45748 | B123: code106 | C123: 0.14932884 | D123: 0.11325895 | E123: 0.10653364 | F123: x | G123: a | H123: =IF(Table2[[#This Row],[cons_rate_uom]]="kg/ton",Table2[[#This Row],[cons_qty_ton]]*1000/SUMIFS(prod!$C:$C,prod!$A:$A,Table2[[#This Row],[date]],prod!$G:$G,Table2[[#This Row],[production_line]],prod!$F:$F,Table2[[#This Row],[output_type]]),IF(Table2[[#This Row],[cons_rate_uom]]="pc/heat",Table2[[#This Row],[cons_qty_base_uom]]/SUMIFS(prod!$E:$E,prod!$A:$A,Table2[[#This Row],[date]],prod!$G:$G,Table2[[#This Row],[production_line]],prod!$F:$F,Table2[[#This Row],[output_type]]),Table2[[#This Row],[cons_qty_ton]]/DAY(EOMONTH(Table2[[#This Row],[date]],0)))) -> 0.0037752983 | I123: =IFERROR(INDEX('consumption_figs'!$C:$C,MATCH(Table2[[#This Row],[item_code]],'consumption_figs'!A:A,0),1),"NA") -> k/t
A124: 45778 | B124: code139 | C124: 1.2053427 | D124: 1.2500809 | E124: 0.08141193 | F124: C | G124: a
A125: 45778 | B125: code136 | C125: 1.8999571 | D125: 1.9491401 | E125: 0.062697131 | F125: C | G125: a | H125: =IF(Table2[[#This Row],[cons_rate_uom]]="kg/ton",Table2[[#This Row],[cons_qty_ton]]*1000/SUMIFS(prod!$C:$C,prod!$A:$A,Table2[[#This Row],[date]],prod!$G:$G,Table2[[#This Row],[production_line]],prod!$F:$F,Table2[[#This Row],[output_type]]),IF(Table2[[#This Row],[cons_rate_uom]]="pc/heat",Table2[[#This Row],[cons_qty_base_uom]]/SUMIFS(prod!$E:$E,prod!$A:$A,Table2[[#This Row],[date]],prod!$G:$G,Table2[[#This Row],[production_line]],prod!$F:$F,Table2[[#This Row],[output_type]]),Table2[[#This Row],[cons_qty_ton]]/DAY(EOMONTH(Table2[[#This Row],[date]],0)))) -> 0.062875487 | I125: =IFERROR(INDEX('consumption_figs'!$C:$C,MATCH(Table2[[#This Row],[item_code]],'consumption_figs'!A:A,0),1),"NA") -> t/d
A126: 45778 | B126: code140 | C126: 0.1452217 | D126: 0.10912552 | E126: 0.10747417 | F126: x | G126: a
A127: 45778 | B127: code92 | C127: 0.14925474 | D127: 0.1136468 | E127: 0.10548054 | F127: x | G127: a | H127: =IF(Table2[[#This Row],[cons_rate_uom]]="kg/ton",Table2[[#This Row],[cons_qty_ton]]*1000/SUMIFS(prod!$C:$C,prod!$A:$A,Table2[[#This Row],[date]],prod!$G:$G,Table2[[#This Row],[production_line]],prod!$F:$F,Table2[[#This Row],[output_type]]),IF(Table2[[#This Row],[cons_rate_uom]]="pc/heat",Table2[[#This Row],[cons_qty_base_uom]]/SUMIFS(prod!$E:$E,prod!$A:$A,Table2[[#This Row],[date]],prod!$G:$G,Table2[[#This Row],[production_line]],prod!$F:$F,Table2[[#This Row],[output_type]]),Table2[[#This Row],[cons_qty_ton]]/DAY(EOMONTH(Table2[[#This Row],[date]],0)))) -> 0.003666026 | I127: =IFERROR(INDEX('consumption_figs'!$C:$C,MATCH(Table2[[#This Row],[item_code]],'consumption_figs'!A:A,0),1),"NA") -> p/s
A128: 45778 | B128: code91 | C128: 0.14823828 | D128: 0.1121614 | E128: 0.012156072 | F128: x | G128: a | H128: =IF(Table2[[#This Row],[cons_rate_uom]]="kg/ton",Table2[[#This Row],[cons_qty_ton]]*1000/SUMIFS(prod!$C:$C,prod!$A:$A,Table2[[#This Row],[date]],prod!$G:$G,Table2[[#This Row],[production_line]],prod!$F:$F,Table2[[#This Row],[output_type]]),IF(Table2[[#This Row],[cons_rate_uom]]="pc/heat",Table2[[#This Row],[cons_qty_base_uom]]/SUMIFS(prod!$E:$E,prod!$A:$A,Table2[[#This Row],[date]],prod!$G:$G,Table2[[#This Row],[production_line]],prod!$F:$F,Table2[[#This Row],[output_type]]),Table2[[#This Row],[cons_qty_ton]]/DAY(EOMONTH(Table2[[#This Row],[date]],0)))) -> 0.0036181098 | I128: =IFERROR(INDEX('consumption_figs'!$C:$C,MATCH(Table2[[#This Row],[item_code]],'consumption_figs'!A:A,0),1),"NA") -> k/t
A129: 45778 | B129: code93 | C129: 0.14841662 | D129: 0.11234089 | E129: 0.10301264 | F129: x | G129: a | H129: =IF(Table2[[#This Row],[cons_rate_uom]]="kg/ton",Table2[[#This Row],[cons_qty_ton]]*1000/SUMIFS(prod!$C:$C,prod!$A:$A,Table2[[#This Row],[date]],prod!$G:$G,Table2[[#This Row],[production_line]],prod!$F:$F,Table2[[#This Row],[output_type]]),IF(Table2[[#This Row],[cons_rate_uom]]="pc/heat",Table2[[#This Row],[cons_qty_base_uom]]/SUMIFS(prod!$E:$E,prod!$A:$A,Table2[[#This Row],[date]],prod!$G:$G,Table2[[#This Row],[production_line]],prod!$F:$F,Table2[[#This Row],[output_type]]),Table2[[#This Row],[cons_qty_ton]]/DAY(EOMONTH(Table2[[#This Row],[date]],0)))) -> 0.0036238997 | I129: =IFERROR(INDEX('consumption_figs'!$C:$C,MATCH(Table2[[#This Row],[item_code]],'consumption_figs'!A:A,0),1),"NA") -> k/t
A130: 45778 | B130: code94 | C130: 0.14441284 | D130: 0.1136468 | E130: 0.10566738 | F130: x | G130: a | H130: =IF(Table2[[#This Row],[cons_rate_uom]]="kg/ton",Table2[[#This Row],[cons_qty_ton]]*1000/SUMIFS(prod!$C:$C,prod!$A:$A,Table2[[#This Row],[date]],prod!$G:$G,Table2[[#This Row],[production_line]],prod!$F:$F,Table2[[#This Row],[output_type]]),IF(Table2[[#This Row],[cons_rate_uom]]="pc/heat",Table2[[#This Row],[cons_qty_base_uom]]/SUMIFS(prod!$E:$E,prod!$A:$A,Table2[[#This Row],[date]],prod!$G:$G,Table2[[#This Row],[production_line]],prod!$F:$F,Table2[[#This Row],[output_type]]),Table2[[#This Row],[cons_qty_ton]]/DAY(EOMONTH(Table2[[#This Row],[date]],0)))) -> 0.003666026 | I130: =IFERROR(INDEX('consumption_figs'!$C:$C,MATCH(Table2[[#This Row],[item_code]],'consumption_figs'!A:A,0),1),"NA") -> p/s
A131: 45778 | B131: code115 | C131: 0.14615307 | D131: 0.11230283 | E131: 0.10393108 | F131: x | G131: a | H131: =IF(Table2[[#This Row],[cons_rate_uom]]="kg/ton",Table2[[#This Row],[cons_qty_ton]]*1000/SUMIFS(prod!$C:$C,prod!$A:$A,Table2[[#This Row],[date]],prod!$G:$G,Table2[[#This Row],[production_line]],prod!$F:$F,Table2[[#This Row],[output_type]]),IF(Table2[[#This Row],[cons_rate_uom]]="pc/heat",Table2[[#This Row],[cons_qty_base_uom]]/SUMIFS(prod!$E:$E,prod!$A:$A,Table2[[#This Row],[date]],prod!$G:$G,Table2[[#This Row],[production_line]],prod!$F:$F,Table2[[#This Row],[output_type]]),Table2[[#This Row],[cons_qty_ton]]/DAY(EOMONTH(Table2[[#This Row],[date]],0)))) -> 0.0036226718 | I131: =IFERROR(INDEX('consumption_figs'!$C:$C,MATCH(Table2[[#This Row],[item_code]],'consumption_figs'!A:A,0),1),"NA") -> p/s
A132: 45778 | B132: code110 | C132: 0.14946286 | D132: 0.11339382 | E132: 0.10689799 | F132: x | G132: a | H132: =IF(Table2[[#This Row],[cons_rate_uom]]="kg/ton",Table2[[#This Row],[cons_qty_ton]]*1000/SUMIFS(prod!$C:$C,prod!$A:$A,Table2[[#This Row],[date]],prod!$G:$G,Table2[[#This Row],[production_line]],prod!$F:$F,Table2[[#This Row],[output_type]]),IF(Table2[[#This Row],[cons_rate_uom]]="pc/heat",Table2[[#This Row],[cons_qty_base_uom]]/SUMIFS(prod!$E:$E,prod!$A:$A,Table2[[#This Row],[date]],prod!$G:$G,Table2[[#This Row],[production_line]],prod!$F:$F,Table2[[#This Row],[output_type]]),Table2[[#This Row],[cons_qty_ton]]/DAY(EOMONTH(Table2[[#This Row],[date]],0)))) -> 0.0036578652 | I132: =IFERROR(INDEX('consumption_figs'!$C:$C,MATCH(Table2[[#This Row],[item_code]],'consumption_figs'!A:A,0),1),"NA") -> k/t
A133: 45778 | B133: code18 | C133: 0.14903025 | D133: 0.11295844 | E133: 0.10577942 | F133: y | G133: a | H133: =IF(Table2[[#This Row],[cons_rate_uom]]="kg/ton",Table2[[#This Row],[cons_qty_ton]]*1000/SUMIFS(prod!$C:$C,prod!$A:$A,Table2[[#This Row],[date]],prod!$G:$G,Table2[[#This Row],[production_line]],prod!$F:$F,Table2[[#This Row],[output_type]]),IF(Table2[[#This Row],[cons_rate_uom]]="pc/heat",Table2[[#This Row],[cons_qty_base_uom]]/SUMIFS(prod!$E:$E,prod!$A:$A,Table2[[#This Row],[date]],prod!$G:$G,Table2[[#This Row],[production_line]],prod!$F:$F,Table2[[#This Row],[output_type]]),Table2[[#This Row],[cons_qty_ton]]/DAY(EOMONTH(Table2[[#This Row],[date]],0)))) -> 0.0036438207 | I133: =IFERROR(INDEX('consumption_figs'!$C:$C,MATCH(Table2[[#This Row],[item_code]],'consumption_figs'!A:A,0),1),"NA") -> k/t
A134: 45778 | B134: code112 | C134: 0.14040984 | D134: 0.10428287 | E134: 0.091717185 | F134: x | G134: a | H134: =IF(Table2[[#This Row],[cons_rate_uom]]="kg/ton",Table2[[#This Row],[cons_qty_ton]]*1000/SUMIFS(prod!$C:$C,prod!$A:$A,Table2[[#This Row],[date]],prod!$G:$G,Table2[[#This Row],[production_line]],prod!$F:$F,Table2[[#This Row],[output_type]]),IF(Table2[[#This Row],[cons_rate_uom]]="pc/heat",Table2[[#This Row],[cons_qty_base_uom]]/SUMIFS(prod!$E:$E,prod!$A:$A,Table2[[#This Row],[date]],prod!$G:$G,Table2[[#This Row],[production_line]],prod!$F:$F,Table2[[#This Row],[output_type]]),Table2[[#This Row],[cons_qty_ton]]/DAY(EOMONTH(Table2[[#This Row],[date]],0)))) -> 0.0033639636 | I134: =IFERROR(INDEX('consumption_figs'!$C:$C,MATCH(Table2[[#This Row],[item_code]],'consumption_figs'!A:A,0),1),"NA") -> k/t
A135: 45778 | B135: code8 | C135: 0.11784676 | D135: 0.11358908 | E135: 0.10695492 | F135: y | G135: a | H135: =IF(Table2[[#This Row],[cons_rate_uom]]="kg/ton",Table2[[#This Row],[cons_qty_ton]]*1000/SUMIFS(prod!$C:$C,prod!$A:$A,Table2[[#This Row],[date]],prod!$G:$G,Table2[[#This Row],[production_line]],prod!$F:$F,Table2[[#This Row],[output_type]]),IF(Table2[[#This Row],[cons_rate_uom]]="pc/heat",Table2[[#This Row],[cons_qty_base_uom]]/SUMIFS(prod!$E:$E,prod!$A:$A,Table2[[#This Row],[date]],prod!$G:$G,Table2[[#This Row],[production_line]],prod!$F:$F,Table2[[#This Row],[output_type]]),Table2[[#This Row],[cons_qty_ton]]/DAY(EOMONTH(Table2[[#This Row],[date]],0)))) -> 0.0036641637 | I135: =IFERROR(INDEX('consumption_figs'!$C:$C,MATCH(Table2[[#This Row],[item_code]],'consumption_figs'!A:A,0),1),"NA") -> p/s
A136: 45778 | B136: code10 | C136: 0.12779563 | D136: 0.1136071 | E136: 0.10692474 | F136: y | G136: a | H136: =IF(Table2[[#This Row],[cons_rate_uom]]="kg/ton",Table2[[#This Row],[cons_qty_ton]]*1000/SUMIFS(prod!$C:$C,prod!$A:$A,Table2[[#This Row],[date]],prod!$G:$G,Table2[[#This Row],[production_line]],prod!$F:$F,Table2[[#This Row],[output_type]]),IF(Table2[[#This Row],[cons_rate_uom]]="pc/heat",Table2[[#This Row],[cons_qty_base_uom]]/SUMIFS(prod!$E:$E,prod!$A:$A,Table2[[#This Row],[date]],prod!$G:$G,Table2[[#This Row],[production_line]],prod!$F:$F,Table2[[#This Row],[output_type]]),Table2[[#This Row],[cons_qty_ton]]/DAY(EOMONTH(Table2[[#This Row],[date]],0)))) -> 0.0036647451 | I136: =IFERROR(INDEX('consumption_figs'!$C:$C,MATCH(Table2[[#This Row],[item_code]],'consumption_figs'!A:A,0),1),"NA") -> p/s
A137: 45778 | B137: code12 | C137: 0.12841743 | D137: 0.11360823 | E137: 0.1069526 | F137: y | G137: a | H137: =IF(Table2[[#This Row],[cons_rate_uom]]="kg/ton",Table2[[#This Row],[cons_qty_ton]]*1000/SUMIFS(prod!$C:$C,prod!$A:$A,Table2[[#This Row],[date]],prod!$G:$G,Table2[[#This Row],[production_line]],prod!$F:$F,Table2[[#This Row],[output_type]]),IF(Table2[[#This Row],[cons_rate_uom]]="pc/heat",Table2[[#This Row],[cons_qty_base_uom]]/SUMIFS(prod!$E:$E,prod!$A:$A,Table2[[#This Row],[date]],prod!$G:$G,Table2[[#This Row],[production_line]],prod!$F:$F,Table2[[#This Row],[output_type]]),Table2[[#This Row],[cons_qty_ton]]/DAY(EOMONTH(Table2[[#This Row],[date]],0)))) -> 0.0036647815 | I137: =IFERROR(INDEX('consumption_figs'!$C:$C,MATCH(Table2[[#This Row],[item_code]],'consumption_figs'!A:A,0),1),"NA") -> p/s
A138: 45778 | B138: code13 | C138: 0.14271893 | D138: 0.11363413 | E138: 0.10758181 | F138: y | G138: a | H138: =IF(Table2[[#This Row],[cons_rate_uom]]="kg/ton",Table2[[#This Row],[cons_qty_ton]]*1000/SUMIFS(prod!$C:$C,prod!$A:$A,Table2[[#This Row],[date]],prod!$G:$G,Table2[[#This Row],[production_line]],prod!$F:$F,Table2[[#This Row],[output_type]]),IF(Table2[[#This Row],[cons_rate_uom]]="pc/heat",Table2[[#This Row],[cons_qty_base_uom]]/SUMIFS(prod!$E:$E,prod!$A:$A,Table2[[#This Row],[date]],prod!$G:$G,Table2[[#This Row],[production_line]],prod!$F:$F,Table2[[#This Row],[output_type]]),Table2[[#This Row],[cons_qty_ton]]/DAY(EOMONTH(Table2[[#This Row],[date]],0)))) -> 0.0036656172 | I138: =IFERROR(INDEX('consumption_figs'!$C:$C,MATCH(Table2[[#This Row],[item_code]],'consumption_figs'!A:A,0),1),"NA") -> p/s
...

Sheet prod
A1: date | B1: production_uom1 | C1: production_qty1 | D1: production_uom2 | E1: production_qty2 | F1: output_type | G1: production_line | H1: production_type
A2: 45292 | B2: t | C2: 7.3327277 | D2: s | E2: 7.4054962 | F2: x | G2: a | H2: actual
A3: 45323 | B3: t | C3: 4.1340146 | D3: s | E3: 4.2072531 | F3: x | G3: a | H3: actual
A4: 45352 | B4: t | C4: 5.8318773 | D4: s | E4: 5.8883809 | F4: x | G4: a | H4: actual
A5: 45383 | B5: t | C5: 6.3962685 | D5: s | E5: 6.4897599 | F5: x | G5: a | H5: actual
A6: 45413 | B6: t | C6: 6.3184907 | D6: s | E6: 6.4487568 | F6: x | G6: a | H6: actual
A7: 45444 | B7: t | C7: 5.9842324 | D7: s | E7: 6.0933965 | F7: x | G7: a | H7: actual
A8: 45474 | B8: t | C8: 6.7244237 | D8: s | E8: 6.8177849 | F8: x | G8: a | H8: actual
A9: 45505 | B9: t | C9: 6.0432542 | D9: s | E9: 6.0797288 | F9: x | G9: a | H9: actual
A10: 45536 | B10: t | C10: 6.222999 | D10: s | E10: 6.2574089 | F10: x | G10: a | H10: actual
A11: 45566 | B11: t | C11: 6.3323344 | D11: s | E11: 6.5034276 | F11: x | G11: a | H11: actual
A12: 45597 | B12: t | C12: 4.1011917 | D12: s | E12: 4.16625 | F12: x | G12: a | H12: actual
A13: 45627 | B13: t | C13: 0.99432331 | D13: s | E13: 1.0090099 | F13: x | G13: a | H13: actual
... A2317: 46752 | B2317: t | C2317: 0.28302138 | D2317: s | E2317: 0.2825543 | F2317: x | G2317: b | H2317: plan
